warning: patch `cmpv2 v0.2.0 (/tmp/arc-security-launch/third_party/cmpv2-chio)` was not used in the crate graph
warning: patch `crmf v0.2.0 (/tmp/arc-security-launch/third_party/crmf-chio)` was not used in the crate graph
warning: patch `ignore v0.4.32 (/tmp/arc-security-launch/third_party/ignore-chio)` was not used in the crate graph
warning: patch `nono v0.53.0 (/tmp/arc-security-launch/third_party/nono-upstream-chio)` was not used in the crate graph
warning: patch `regress v0.11.1 (/tmp/arc-security-launch/third_party/regress-chio)` was not used in the crate graph
warning: patch `sigstore-crypto v0.6.6 (/tmp/arc-security-launch/third_party/sigstore-crypto-chio)` was not used in the crate graph
warning: patch `sigstore-merkle v0.6.6 (/tmp/arc-security-launch/third_party/sigstore-merkle-chio)` was not used in the crate graph
warning: patch `sigstore-trust-root v0.6.3 (/tmp/arc-security-launch/third_party/sigstore-trust-root-chio)` was not used in the crate graph
warning: patch `sigstore-verify v0.6.3 (/tmp/arc-security-launch/third_party/sigstore-verify-chio)` was not used in the crate graph
help: Check that the patched package version and available features are compatible
      with the dependency requirements. If the patch has a different version from
      what is locked in the Cargo.lock file, run `cargo update` to use the new
      version. This may also occur with an optional dependency that is not enabled.
   Compiling chio-tee v0.1.0 (/tmp/arc-security-launch/crates/trust/chio-tee)
   Compiling chio-pheromone-relay v0.1.0 (/tmp/arc-security-launch/crates/trust/chio-pheromone-relay)
   Compiling chio-reputation v0.1.0 (/tmp/arc-security-launch/crates/trust/chio-reputation)
   Compiling chio-federation v0.1.0 (/tmp/arc-security-launch/crates/trust/chio-federation)
   Compiling chio-credentials v0.1.0 (/tmp/arc-security-launch/crates/trust/chio-credentials)
   Compiling chio-replay-corpus v0.1.0 (/tmp/arc-security-launch/crates/trust/chio-replay-corpus)
   Compiling chio-federation-transport-iroh v0.1.0 (/tmp/arc-security-launch/crates/trust/chio-federation-transport-iroh)
   Compiling chio-attest-buyer-core v0.1.0 (/tmp/arc-security-launch/crates/trust/chio-attest-buyer-core)
   Compiling chio-attest-verify v0.1.0 (/tmp/arc-security-launch/crates/trust/chio-attest-verify)
   Compiling chio-tee-frame v0.1.0 (/tmp/arc-security-launch/crates/trust/chio-tee-frame)
   Compiling chio-core-types v0.1.0 (/tmp/arc-security-launch/crates/core/chio-core-types)
   Compiling chio-federation-authority v0.1.0 (/tmp/arc-security-launch/crates/trust/chio-federation-authority)
   Compiling chio-finding-challenge v0.1.0 (/tmp/arc-security-launch/crates/trust/chio-finding-challenge)
   Compiling chio-finding-verifier v0.1.0 (/tmp/arc-security-launch/crates/trust/chio-finding-verifier)
   Compiling chio-signing-remote v0.1.0 (/tmp/arc-security-launch/crates/trust/chio-signing-remote)
   Compiling chio-pheromone-runtime v0.1.0 (/tmp/arc-security-launch/crates/trust/chio-pheromone-runtime)
   Compiling chio-custody-hw v0.1.0 (/tmp/arc-security-launch/crates/trust/chio-custody-hw)
    Finished `test` profile [unoptimized] target(s) in 1m 42s
     Running unittests src/lib.rs (/home/connor/chio-security-target-6d-final/debug/deps/chio_attest_buyer-7e09d049b578f209)

running 1 test
test error::tests::json_error_helper_keeps_chio_boundary_code_and_label ... ok

test result: ok. 1 passed; 0 failed; 0 ignored; 0 measured; 0 filtered out; finished in 0.00s

     Running tests/buyer_packet.rs (/home/connor/chio-security-target-6d-final/debug/deps/buyer_packet-4b67fe3ff949943f)

running 2 tests
test chio_buyer_packet_schema_emits_chio_report_schema ... ok
test buyer_packet_without_hydrated_dsse_is_unresolved ... ok

test result: ok. 2 passed; 0 failed; 0 ignored; 0 measured; 0 filtered out; finished in 0.00s

     Running tests/buyer_review.rs (/home/connor/chio-security-target-6d-final/debug/deps/buyer_review-731c22da403bcd83)

running 6 tests
test buyer_boundary_does_not_reexport_runtime_core_types ... ok
test buyer_public_data_types_are_chio_owned ... ok
test buyer_error_boundary_is_chio_owned ... ok
test chio_buyer_review_legacy_replay_api_stays_inside_attest_buyer ... ok
test chio_buyer_review_package_schema_emits_chio_review_report_schema ... ok
test json_constructors_reject_malformed_typed_values ... ok

test result: ok. 6 passed; 0 failed; 0 ignored; 0 measured; 0 filtered out; finished in 0.01s

     Running tests/public_surface.rs (/home/connor/chio-security-target-6d-final/debug/deps/public_surface-5664bb8dc830bf88)

running 1 test
test chio_attest_buyer_schema_constants_are_owned_locally ... ok

test result: ok. 1 passed; 0 failed; 0 ignored; 0 measured; 0 filtered out; finished in 0.00s

     Running tests/runtime_manifest.rs (/home/connor/chio-security-target-6d-final/debug/deps/runtime_manifest-1bea3aa45c83317f)

running 2 tests
test buyer_readers_reject_original_duplicates_without_exposing_payloads ... ok
test runtime_evidence_manifest_from_json_rejects_manifest_without_artifacts ... ok

test result: ok. 2 passed; 0 failed; 0 ignored; 0 measured; 0 filtered out; finished in 0.00s

     Running unittests src/lib.rs (/home/connor/chio-security-target-6d-final/debug/deps/chio_attest_buyer_core-4c1fe4713c433486)

running 28 tests
test tests::historical_v1_trust_bundle_is_not_strict_verifier_input ... ignored, v1-only collapse: v1 is now the strict schema, not a historical one
test tests::lower_sha256_hex_helper_accepts_exact_lowercase_digest_only ... ok
test tests::proof_package_rejects_ambiguous_nested_receipt_parameters ... ok
test tests::proof_package_parser_rejects_treaty_bilateral_side_channel ... FAILED
test tests::revocation_checkpoint_must_cover_verifier_context ... ok
test tests::trust_readers_reject_duplicates_before_projection_and_keep_sources ... ok
test tests::trusted_issuer_registry_rejects_invalid_empty_and_duplicate_documents ... ok
test tests::verification_context_rejects_blank_or_padded_fields ... ok
test tests::verifier_report_parses_through_production_api ... ok
test tests::forged_lease_signer_fails_even_when_embedded_signature_is_valid ... ok
test tests::forged_governance_signer_fails_even_when_embedded_signature_is_valid ... ok
test tests::verifier_trust_bundle_parser_rejects_unknown_fields ... FAILED
test tests::trust_context_preserves_full_width_native_time_and_applies_bound_first ... ok
test tests::authority_lifecycle_and_artifact_time_windows_fail_closed ... ok
test tests::verifier_trust_bundle_rejects_unsupported_receipt_projection_policy ... ok
test tests::revoked_authority_roots_fail_closed ... ok
test tests::verifier_trust_bundle_requires_reference_workflow_classes ... ok
test tests::verifier_trust_bundle_rejects_empty_and_duplicate_documents ... ok
test tests::verifier_trust_bundle_v3_requires_authority_roots ... ok
test tests::verifier_trust_bundle_requires_signed_fresh_revocation_checkpoint ... FAILED
test tests::package_bbs_issuer_key_must_match_trusted_registry ... ok
test tests::revoked_trust_roots_fail_closed ... ok
test tests::package_bbs_issuer_must_be_externally_trusted ... ok
test tests::context_and_disclosure_contract_fail_closed ... ok
test tests::wrong_verifier_context_nonce_fails_and_report_keeps_prior_checks ... ok
test tests::committed_fixture_verifies_through_production_crate ... ok
test tests::verifier_trust_bundle_may_contain_unrelated_trust_roots ... ok
test tests::receipt_v1_disclosure_requires_receipt_embedded_bbs ... ok

failures:

---- tests::proof_package_parser_rejects_treaty_bilateral_side_channel stdout ----

thread 'tests::proof_package_parser_rejects_treaty_bilateral_side_channel' (3426947) panicked at crates/trust/chio-attest-buyer-core/src/tests.rs:196:5:
assertion failed: err.to_string().contains("treatyBilateralEnvelopes")
note: run with `RUST_BACKTRACE=1` environment variable to display a backtrace

---- tests::verifier_trust_bundle_parser_rejects_unknown_fields stdout ----

thread 'tests::verifier_trust_bundle_parser_rejects_unknown_fields' (3426959) panicked at crates/trust/chio-attest-buyer-core/src/tests.rs:210:5:
assertion failed: error.to_string().contains("ignoredTrustRoot")

---- tests::verifier_trust_bundle_requires_signed_fresh_revocation_checkpoint stdout ----

thread 'tests::verifier_trust_bundle_requires_signed_fresh_revocation_checkpoint' (3426963) panicked at crates/trust/chio-attest-buyer-core/src/tests.rs:284:5:
assertion failed: error.to_string().contains("revocation") || error.to_string().contains("JSON")


failures:
    tests::proof_package_parser_rejects_treaty_bilateral_side_channel
    tests::verifier_trust_bundle_parser_rejects_unknown_fields
    tests::verifier_trust_bundle_requires_signed_fresh_revocation_checkpoint

test result: FAILED. 24 passed; 3 failed; 1 ignored; 0 measured; 0 filtered out; finished in 0.75s

error: test failed, to rerun pass `-p chio-attest-buyer-core --lib`
     Running unittests src/lib.rs (/home/connor/chio-security-target-6d-final/debug/deps/chio_attest_verify-cd51d074018dba23)

running 50 tests
test sigstore::tests::sigstore_internal_tests::bundle_leaf_certificate_der_fails_closed_when_no_material ... ok
test sigstore::tests::sigstore_internal_tests::bundle_rekor_metadata_returns_zero_index_and_now_when_no_entry ... ok
test sigstore::tests::sigstore_internal_tests::bundle_leaf_certificate_der_returns_actual_bytes_not_constant ... ok
test sigstore::tests::sigstore_internal_tests::bundle_rekor_metadata_falls_back_to_now_when_integrated_time_is_negative ... ok
test sigstore::tests::sigstore_internal_tests::bundle_rekor_metadata_uses_integrated_time_when_positive ... ok
test sigstore::tests::sigstore_internal_tests::bundled_rekor_materials_do_not_imply_chio_inclusion_verification ... ok
test sigstore::tests::sigstore_internal_tests::bundle_rekor_metadata_falls_back_to_now_when_integrated_time_is_zero ... ok
test sigstore::tests::sigstore_internal_tests::decode_oidc_issuer_value_accepts_raw_utf8_url ... ok
test sigstore::tests::sigstore_internal_tests::decode_oidc_issuer_value_rejects_empty_input ... ok
test sigstore::tests::sigstore_internal_tests::decode_oidc_issuer_value_accepts_der_utf8string ... ok
test sigstore::tests::sigstore_internal_tests::decode_oidc_issuer_value_rejects_control_byte_payload ... ok
test sigstore::tests::sigstore_internal_tests::certificate_oid_constants_match_documented_values ... ok
test sigstore::tests::sigstore_internal_tests::is_within_validity_window_accepts_at_lower_bound ... ok
test sigstore::tests::sigstore_internal_tests::is_within_validity_window_accepts_at_upper_bound ... ok
test sigstore::tests::sigstore_internal_tests::is_within_validity_window_accepts_within_window ... ok
test sigstore::tests::sigstore_internal_tests::is_within_validity_window_rejects_above_upper_bound ... ok
test sigstore::tests::sigstore_internal_tests::is_within_validity_window_rejects_below_lower_bound ... ok
test sigstore::tests::sigstore_internal_tests::is_within_validity_window_rejects_below_when_above_upper_bound_is_false ... ok
test sigstore::tests::sigstore_internal_tests::leaf_der_returns_certificate_bytes_from_single_certificate_variant ... ok
test sigstore::tests::sigstore_internal_tests::leaf_der_returns_first_cert_from_x509_chain ... ok
test sigstore::tests::sigstore_internal_tests::leaf_der_returns_none_when_verification_material_missing ... ok
test sigstore::tests::sigstore_internal_tests::leaf_der_returns_none_when_x509_chain_is_empty ... ok
test sigstore::tests::sigstore_internal_tests::map_webpki_error_maps_cert_expired_to_certificate_expired ... ok
test sigstore::tests::sigstore_internal_tests::map_webpki_error_maps_cert_not_yet_valid_to_certificate_expired ... ok
test sigstore::tests::sigstore_internal_tests::map_webpki_error_maps_unknown_issuer_to_trust_root ... ok
test sigstore::tests::sigstore_internal_tests::issuer_only_policy_accepts_matching_issuer_and_rejects_mismatch ... ok
test sigstore::tests::sigstore_internal_tests::map_webpki_error_maps_other_errors_to_malformed ... ok
test sigstore::tests::sigstore_internal_tests::match_identity_fails_closed_on_missing_issuer_extension ... ok
test sigstore::tests::sigstore_internal_tests::match_identity_fails_closed_on_issuer_mismatch ... ok
test sigstore::tests::sigstore_internal_tests::certificate_validity_returns_unix_offset_for_not_before_and_not_after ... ok
test sigstore::tests::sigstore_internal_tests::parse_certificate_to_der_rejects_non_certificate_pem ... ok
test sigstore::tests::sigstore_internal_tests::parse_certificate_to_der_accepts_raw_der ... ok
test sigstore::tests::sigstore_internal_tests::rekor_metadata_extracts_log_index_and_integrated_time ... ok
test sigstore::tests::sigstore_internal_tests::rekor_metadata_returns_none_when_no_tlog_entries ... ok
test sigstore::tests::sigstore_internal_tests::rekor_metadata_returns_none_when_verification_material_missing ... ok
test sigstore::tests::sigstore_internal_tests::read_oidc_issuer_extension_returns_value_when_present ... ok
test sigstore::tests::sigstore_internal_tests::parse_certificate_to_der_accepts_pem ... ok
test sigstore::tests::sigstore_internal_tests::match_identity_accepts_san_uri_with_raw_utf8_issuer ... ok
test sigstore::tests::sigstore_internal_tests::verify_signature_bytes_rejects_empty_signature ... ok
test sigstore::tests::sigstore_internal_tests::read_oidc_issuer_extension_fails_closed_when_absent ... ok
test sigstore::tests::sigstore_internal_tests::match_identity_fails_closed_on_san_regex_mismatch ... ok
test sigstore::tests::sigstore_internal_tests::match_identity_accepts_othername_with_sigstore_type_id_oid ... ok
test sigstore::tests::sigstore_internal_tests::match_identity_accepts_rfc822_san_when_regex_matches ... ok
test tests::compose_identity_regexps_rejects_empty_patterns ... ok
test sigstore::tests::sigstore_internal_tests::match_identity_rejects_othername_with_wrong_type_id_oid ... ok
test sigstore::tests::sigstore_internal_tests::match_identity_anchors_regex_at_both_ends ... ok
test sigstore::tests::sigstore_internal_tests::match_identity_accepts_san_uri_with_der_wrapped_issuer ... ok
test tests::compose_identity_regexps_preserves_single_and_groups_multiple ... ok
test sigstore::tests::sigstore_internal_tests::parse_certificate_to_der_rejects_neither_pem_nor_der ... ok
test sigstore::tests::sigstore_internal_tests::verify_signature_bytes_rejects_random_signature_bytes ... ok

test result: ok. 50 passed; 0 failed; 0 ignored; 0 measured; 0 filtered out; finished in 0.02s

     Running unittests src/bin/tuf-rebake.rs (/home/connor/chio-security-target-6d-final/debug/deps/tuf_rebake-876d85c0973228c2)

running 1 test
test reader_tests::both_root_readers_reject_original_duplicate_fields ... ok

test result: ok. 1 passed; 0 failed; 0 ignored; 0 measured; 0 filtered out; finished in 0.00s

     Running tests/adversarial_suite.rs (/home/connor/chio-security-target-6d-final/debug/deps/adversarial_suite-0f616574eb32b4ac)

running 1 test
test attest_verify_adversarial_suite_answer_key_denies_attestation_classes ... ok

test result: ok. 1 passed; 0 failed; 0 ignored; 0 measured; 0 filtered out; finished in 0.00s

     Running tests/cross_backend_conformance.rs (/home/connor/chio-security-target-6d-final/debug/deps/cross_backend_conformance-d005fe64becd03e0)

running 0 tests

test result: ok. 0 passed; 0 failed; 0 ignored; 0 measured; 0 filtered out; finished in 0.00s

     Running tests/expect_report_data.rs (/home/connor/chio-security-target-6d-final/debug/deps/expect_report_data-f1216b065171e2e3)

running 6 tests
test report_data_changes_when_receipt_root_changes ... ok
test report_data_is_never_all_zero_for_valid_inputs ... ok
test report_data_uses_digest_then_zero_padding ... ok
test report_data_inputs_are_order_sensitive ... ok
test report_data_changes_when_kernel_key_changes ... ok
test report_data_upper_half_is_always_zero_padding ... ok

test result: ok. 6 passed; 0 failed; 0 ignored; 0 measured; 0 filtered out; finished in 0.00s

     Running tests/integration.rs (/home/connor/chio-security-target-6d-final/debug/deps/integration-d78d17aae065f86e)

running 9 tests
test constructor_loads_embedded_trust_root ... ok
test verify_bytes_reports_der_parse_for_der_like_garbage ... ok
test verify_bytes_distinguishes_non_certificate_pem ... ok
test verify_bytes_rejects_self_signed_cert_against_fulcio_root ... ok
test verify_bundle_rejects_malformed_json ... ok
test verify_bytes_rejects_random_garbage ... ok
test verify_blob_returns_io_error_for_missing_artifact ... ok
test bundle_rejects_duplicates_and_bounds_before_trust_evaluation ... ok
test verify_bundle_rejects_empty_bundle_object ... ok

test result: ok. 9 passed; 0 failed; 0 ignored; 0 measured; 0 filtered out; finished in 0.09s

     Running tests/nitro_root_rotation.rs (/home/connor/chio-security-target-6d-final/debug/deps/nitro_root_rotation-e8942c5f321dcc0a)

running 0 tests

test result: ok. 0 passed; 0 failed; 0 ignored; 0 measured; 0 filtered out; finished in 0.00s

     Running tests/nitro_unit.rs (/home/connor/chio-security-target-6d-final/debug/deps/nitro_unit-1accb1fe3da884b2)

running 0 tests

test result: ok. 0 passed; 0 failed; 0 ignored; 0 measured; 0 filtered out; finished in 0.00s

     Running tests/policy_loader.rs (/home/connor/chio-security-target-6d-final/debug/deps/policy_loader-8fb5b396db40b7a8)

running 11 tests
test default_horizon_is_ninety_days ... ok
test malformed_toml_rejected_before_any_verifier_call ... ok
test issuer_mismatch_propagates_fail_closed ... ok
test loads_bootstrap_fixture_against_recording_verifier ... ok
test identity_mismatch_propagates_fail_closed ... ok
test stale_policy_rejected_at_default_horizon ... ok
test fresh_policy_at_horizon_boundary_accepted ... ok
test oversized_certificate_rejected_before_any_verifier_call ... ok
test signature_failure_propagates_fail_closed ... ok
test shortened_horizon_rejects_otherwise_fresh_policy ... ok
test future_dated_policy_rejected ... ok

test result: ok. 11 passed; 0 failed; 0 ignored; 0 measured; 0 filtered out; finished in 0.02s

     Running tests/policy_schema.rs (/home/connor/chio-security-target-6d-final/debug/deps/policy_schema-b9d6065ef99b716e)

running 18 tests
test rejects_oversized_policy_bytes_before_parse ... ok
test rejects_empty_identity_regexps ... ok
test rejects_uncompilable_regex ... ok
test rejects_blank_or_padded_policy_text_fields ... ok
test rejects_oversized_identity_regexp ... ok
test signed_at_accepts_leap_day_in_leap_year ... ok
test rejects_unsupported_version ... ok
test rejects_too_many_identity_regexps ... ok
test pq_identity_regexps_round_trip_when_present ... ok
test rejects_too_many_or_oversized_issuers ... ok
test rejects_unknown_field ... ok
test parses_minimal_policy ... ok
test canonical_bytes_excludes_signature ... ok
test rejects_oversized_signature_and_pq_regexps ... ok
test signed_at_in_future_rejected ... ok
test signed_at_malformed_rejected ... ok
test signed_at_rejects_impossible_calendar_dates ... ok
test signed_at_round_trips ... ok

test result: ok. 18 passed; 0 failed; 0 ignored; 0 measured; 0 filtered out; finished in 0.02s

     Running tests/sev_snp_integration.rs (/home/connor/chio-security-target-6d-final/debug/deps/sev_snp_integration-68c1489ae25f1083)

running 0 tests

test result: ok. 0 passed; 0 failed; 0 ignored; 0 measured; 0 filtered out; finished in 0.00s

     Running tests/sev_snp_unit.rs (/home/connor/chio-security-target-6d-final/debug/deps/sev_snp_unit-c9f19dab9494ecff)

running 0 tests

test result: ok. 0 passed; 0 failed; 0 ignored; 0 measured; 0 filtered out; finished in 0.00s

     Running tests/sigstore_negative.rs (/home/connor/chio-security-target-6d-final/debug/deps/sigstore_negative-ba4eeb7beec93c7d)

running 4 tests
test oidc_mismatch_input_does_not_fall_back_to_identity_regex_only ... ok
test cert_time_fixture_bytes_fail_closed_before_signature_acceptance ... ok
test malformed_chain_fixtures_never_verify_as_fulcio_leaves ... ok
test malformed_bundle_json_fails_closed ... ok

test result: ok. 4 passed; 0 failed; 0 ignored; 0 measured; 0 filtered out; finished in 0.09s

     Running tests/tdx_integration.rs (/home/connor/chio-security-target-6d-final/debug/deps/tdx_integration-ca054fecbe3e11a5)

running 0 tests

test result: ok. 0 passed; 0 failed; 0 ignored; 0 measured; 0 filtered out; finished in 0.00s

     Running tests/tdx_unit.rs (/home/connor/chio-security-target-6d-final/debug/deps/tdx_unit-56bd59334b1cdf09)

running 0 tests

test result: ok. 0 passed; 0 failed; 0 ignored; 0 measured; 0 filtered out; finished in 0.00s

     Running tests/tenant_policy_resolver.rs (/home/connor/chio-security-target-6d-final/debug/deps/tenant_policy_resolver-e8f98712995febcd)

running 8 tests
test empty_map_is_empty ... ok
test static_map_revalidates_public_policy_values ... ok
test rejects_multiple_oidc_issuers_in_static_map ... ok
test unknown_tenant_fails_closed ... ok
test duplicate_tenant_id_rejected ... ok
test resolves_known_tenant_to_regex_and_issuer ... ok
test composes_multiple_identity_regexps ... ok
test populated_map_reports_len_and_is_not_empty ... ok

test result: ok. 8 passed; 0 failed; 0 ignored; 0 measured; 0 filtered out; finished in 0.02s

     Running unittests src/lib.rs (/home/connor/chio-security-target-6d-final/debug/deps/chio_core_types-e5cf30da7578164e)

running 431 tests
test canonical::tests::empty_object ... ok
test canonical::tests::arrays ... ok
test canonical::tests::negative_zero_is_zero ... ok
test canonical::tests::nested_objects ... ok
test canonical::tests::integers ... ok
test canonical::tests::del_and_c1_controls_pass_through_per_rfc8785 ... ok
test canonical::tests::empty_array ... ok
test canonical::tests::canonical_bytes_match_string ... ok
test canonical::tests::deeply_nested ... ok
test canonical::tests::non_finite_rejected ... ok
test canonical::tests::null_and_booleans ... ok
test canonical::tests::numeric_string_keys_sort_by_code_units ... ok
test canonical::tests::canonical_bytes_newtype_matches_existing_bytes ... ok
test canonical::tests::sorted_keys_basic ... ok
test canonical::tests::sorted_keys_utf16_code_units ... ok
test canonical::tests::deterministic_output ... ok
test canonical::secret::tests::canonical_private_decode_retains_zeroizing_fields_and_rejects_duplicate_text ... ok
test canonical::tests::rfc8785_section3_number_examples ... ok
test canonical::tests::rfc8785_mixed_document ... ok
test canonical::tests::canonical_bytes_from_value_matches_canonicalizer ... ok
test canonical::tests::strict_accepts_genuine_fractionals ... ok
test canonical::tests::strict_accepts_safe_range_boundary ... ok
test canonical::secret::tests::private_canonical_output_matches_public_bytes_and_wipes_all_tree_strings ... ok
test canonical::tests::strict_rejects_integer_literal_beyond_safe_range ... ok
test canonical::tests::strict_rejects_duplicate_keys ... ok
test canonical::tests::strict_preserves_unicode_key_ordering ... ok
test canonical::tests::strict_bytes_match_string ... ok
test canonical::tests::strict_rejects_duplicate_keys_last_wins_collapse_proof ... ok
test canonical::tests::jcs_numbers ... ok
test canonical::tests::strict_rejects_negative_integer_literal_beyond_safe_range ... ok
test canonical::tests::strict_matches_typed_path_for_wellformed_ijson ... ok
test canonical::tests::strict_rejects_duplicate_keys_nested ... ok
test canonical::tests::strict_rejects_over_precise_fractional ... ok
test canonical::tests::strict_accepts_exactly_representable_fractional ... ok
test canonical::tests::strict_rejects_non_finite_via_overflow ... ok
test canonical::tests::strict_rejects_trailing_data ... ok
test canonical::tests::string_escaping ... ok
test canonical::tests::unicode_passthrough ... ok
test canonical::tests::write_canonical_value_matches_public_canonicalize ... ok
test canonical::tests::strict_rejects_rounded_fractional_f64 ... ok
test canonical::tests::strict_rejects_safe_range_boundary_plus_one ... ok
test canonical::tests::strict_rejects_same_digit_count_different_value ... ok
test canonical::tests::strict_roundtrips_losslessly ... ok
test canonical::tests::strict_rejects_integer_valued_float_form ... ok
test canonical::tests::strict_rejects_huge_integer_literal_that_overflows_u64 ... ok
test capability::aggregate_invocation_tests::aggregate_invocation_nested_shapes_reject_unknown_fields ... ok
test canonical::untrusted::external_tests::external_numeric_contract_does_not_narrow_native_signed_input ... ok
test capability::aggregate_invocation_tests::aggregate_invocation_capability_scope_rejects_all_delegation_grants ... ok
test capability::aggregate_invocation_tests::aggregate_invocation_present_field_disables_legacy_body_fallback ... ok
test capability::aggregate_invocation_tests::aggregate_invocation_absent_field_preserves_signing_bytes ... ok
test capability::aggregate_invocation_tests::aggregate_invocation_rejects_family_creation_below_unbound_root ... ok
test capability::aggregate_invocation_tests::aggregate_invocation_rejects_descendant_maximum_changes_and_scope_conversion ... ok
test capability::aggregate_invocation_tests::aggregate_invocation_all_nested_shapes_reject_unknown_fields ... ok
test capability::aggregate_invocation_tests::aggregate_invocation_authenticates_ordinary_root_delegation_bounds ... ok
test capability::aggregate_invocation_tests::aggregate_invocation_delegate_projects_marker_across_hops ... ok
test capability::aggregate_invocation_tests::aggregate_invocation_rejects_forged_root_fields ... ok
test capability::aggregate_invocation_tests::aggregate_invocation_root_helper_rejects_delegated_body ... ok
test capability::aggregate_invocation_tests::delegation_marker_rejects_noncanonical_root_digest ... ok
test capability::aggregate_invocation_tests::aggregate_invocation_zero_limit_round_trips_and_verifies ... ok
test capability::aggregate_invocation_tests::aggregate_invocation_root_evidence_detects_first_hop_omission ... ok
test capability::aggregate_invocation_tests::aggregate_invocation_rejects_untrusted_leaf_and_final_subject_mismatch ... ok
test capability::aggregate_invocation_tests::aggregate_invocation_rejects_untrusted_root_and_tampered_chain ... ok
test capability::aggregate_invocation_tests::aggregate_invocation_backend_binding_survives_root_round_trip ... ok
test capability::caveat_and_delegation_guard_tests::capability_caveats_reject_fail_closed_until_admission_enforces_them ... ok
test capability::caveat_and_delegation_guard_tests::security_binding_is_canonical_signed_and_strict ... ok
test capability::aggregate_invocation_tests::aggregate_invocation_rejects_widened_or_predated_descendant ... ok
test capability::aggregate_invocation_tests::aggregate_invocation_rejects_changed_maximum_and_binding_graft ... ok
test capability::caveat_and_delegation_guard_tests::delegate_rejects_child_grant_without_delegate_on_covering_parent_grant ... ok
test capability::cumulative_approval_tests::cumulative_approval_delegable_direct_signing_requires_family_helper ... ok
test capability::backend_identity_tests::capability_and_budget_roots_refuse_a_retired_original_signer ... ok
test capability::aggregate_invocation_tests::aggregate_invocation_family_root_and_descendant_share_owner ... ok
test capability::cumulative_approval_tests::cumulative_approval_delegation_rejects_fresh_constraint ... ok
test capability::cumulative_approval_tests::cumulative_approval_direct_nondelegable_constraint_has_no_family_binding ... ok
test capability::cumulative_approval_tests::aggregate_and_cumulative_roots_require_a_joint_binding ... ok
test capability::aggregate_invocation_tests::aggregate_invocation_rejects_wrong_root_binding_signature ... ok
test capability::aggregate_invocation_tests::aggregate_invocation_rejects_multi_hop_scope_pivot_and_intermediate_predating ... ok
test capability::aggregate_invocation_tests::aggregate_invocation_rejects_each_changed_root_commitment_field ... ok
test capability::caveat_and_delegation_guard_tests::security_binding_mutation_invalidates_capability_signature ... ok
test capability::cumulative_approval_tests::cumulative_approval_backend_root_round_trip ... ok
test capability::backend_identity_tests::capability_and_budget_roots_use_the_original_atomic_identity ... ok
test capability::backend_identity_tests::capability_and_budget_roots_reject_mismatched_atomic_results ... ok
test capability::cumulative_approval_tests::cumulative_approval_delegation_rejects_binding_mutation ... ok
test capability::cumulative_approval_tests::cumulative_approval_link_scope_hash_authenticates_bound_root_scope ... ok
test capability::cumulative_approval_tests::cumulative_approval_delegation_rejects_omission ... ok
test capability::cumulative_approval_tests::cumulative_approval_wire_is_distinct_from_legacy_per_request_threshold ... ok
test capability::cumulative_approval_tests::cumulative_approval_wire_rejects_unknown_fields ... ok
test capability::delegation_trust_root_tests::delegation_chain_trust_root_accepts_matching_first_scope_hash ... ok
test capability::delegation_trust_root_tests::delegation_chain_trust_root_rejects_mismatched_first_scope_hash ... ok
test capability::cumulative_approval_tests::cumulative_approval_identical_budget_fields_on_distinct_grants_have_distinct_owners ... ok
test capability::tests::active_response_intent_checks_plan_body_hash_and_effect_order ... ok
test capability::tests::attenuated_capability_chain_binding_feature_disabled_fails_closed ... ok
test capability::delegation_trust_root_tests::delegation_chain_trust_root_rejects_multi_hop_without_per_hop_witnesses ... ok
test capability::cumulative_approval_tests::cumulative_approval_verifier_rejects_unrelated_root_evidence ... ok
test capability::tests::attenuated_capability_requires_attenuation_proof ... ok
test capability::tests::attenuation_proof_validation_rejects_non_subset_scope ... ok
test capability::cumulative_approval_tests::cumulative_approval_root_binds_signer_key_epoch ... ok
test capability::cumulative_approval_tests::cumulative_approval_grafted_grant_binding_rejects ... ok
test capability::cumulative_approval_tests::cumulative_approval_projection_preserves_sparse_grant_indices ... ok
test capability::cumulative_approval_tests::cumulative_approval_rejects_link_witness_and_receipt_projection_changes ... ok
test capability::tests::attenuated_capability_schema_and_budget_fail_closed ... ok
test capability::tests::authority_readers::attenuation_witness_rejects_noncanonical_scope_even_with_matching_hash ... ok
test capability::tests::authority_readers::attenuation_witness_roundtrip_and_forgery_rejection ... ok
test capability::tests::attenuation_serde_roundtrip ... ok
test capability::cumulative_approval_tests::cumulative_approval_rejects_root_binding_and_first_marker_grafts ... ok
test capability::cumulative_approval_tests::cumulative_approval_marker_is_bounded_sorted_and_deduplicated ... ok
test capability::tests::bac573_approval_token_verify_at_window_enforced ... ok
test capability::tests::bac573_capability_token_verify_at_not_yet_valid_is_rejected ... ok
test capability::tests::bac573_capability_token_verify_at_within_window_passes ... ok
test capability::tests::bac573_capability_token_verify_at_expired_is_rejected ... ok
test capability::tests::bac573_approval_token_verify_at_bad_signature_fails_first ... ok
test capability::tests::bac573_capability_token_verify_with_floor_at_folds_time_and_floor ... ok
test capability::tests::bac573_continuation_token_verify_at_window_enforced ... ok
test capability::tests::bac573_upstream_proof_verify_at_bad_signature_fails_first ... ok
test capability::cumulative_approval_tests::cumulative_approval_rejects_every_root_binding_field_mutation ... ok
test capability::cumulative_approval_tests::cumulative_approval_rejects_multi_hop_scope_pivot_and_intermediate_predating ... ok
test capability::cumulative_approval_tests::cumulative_approval_family_root_and_sibling_share_owner ... ok
test capability::tests::capability_negotiation_preserves_explicit_disabled_features ... ok
test capability::tests::bac573_capability_token_verify_at_bad_signature_fails_before_time_check ... ok
test capability::tests::capability_negotiation_intersection_rejects_malformed_feature ... ok
test capability::tests::constraint_serde_roundtrip ... ok
test capability::tests::bac573_upstream_proof_verify_at_window_enforced ... ok
test capability::tests::bac573_continuation_token_verify_at_bad_signature_fails_first ... ok
test capability::tests::bac573_capability_token_verify_with_floor_at_bad_signature_fails_first ... ok
test capability::tests::capability_token_serde_roundtrip ... ok
test capability::tests::capability_token_signature_verification ... ok
test capability::tests::call_chain_continuation_token_roundtrip_and_matching_helpers ... ok
test capability::tests::capability_token_backend_signing_with_ed25519_verifies ... ok
test capability::tests::chain_binding_disabled_does_not_reject_v1_tokens ... ok
test capability::tests::delegate_accepts_valid_narrowing_step ... ok
test capability::tests::delegate_rejects_concrete_remove_operation_step_not_reflected_in_wildcard_child ... ok
test capability::tests::delegate_rejects_signed_at_at_or_after_parent_expiry ... ok
test capability::tests::delegate_mints_signed_link_for_subset_scope ... ok
test capability::tests::delegate_rejects_parent_before_issued_at ... ok
test capability::tests::delegate_allows_omitted_share_for_full_share_parent ... ok
test capability::tests::delegate_rejects_extending_expiry ... ok
test capability::tests::delegate_rejects_parent_without_delegate_operation ... ok
test capability::tests::delegate_rejects_cost_step_currency_switch ... ok
test capability::tests::delegate_rejects_tampered_parent_signature ... ok
test capability::tests::delegate_accepts_wildcard_remove_operation_step_reflected_in_concrete_child ... ok
test capability::tests::delegate_rejects_step_not_reflected_in_child ... ok
test capability::tests::delegate_rejects_step_for_unknown_tool ... ok
test capability::tests::delegate_honors_wildcard_parent_grant_in_step_validation ... ok
test capability::tests::delegate_rejects_widening_scope ... ok
test capability::tests::delegate_enforces_parent_relative_budget_share ... ok
test capability::tests::delegate_rejects_widening_step ... ok
test capability::tests::delegation_chain_exceeds_depth ... ok
test capability::tests::delegate_rejects_wildcard_remove_operation_step_not_reflected_in_concrete_child ... ok
test capability::tests::empty_child_scope_attenuation_proof_survives_serialization ... ok
test capability::tests::delegation_chain_valid ... ok
test capability::tests::delegation_link_serde_roundtrip ... ok
test capability::tests::delegate_rejects_wrong_delegator_key ... ok
test capability::tests::governed_approval_token_signature_roundtrip ... ok
test capability::tests::ed25519_capability_token_is_byte_identical_without_algorithm_field ... ok
test capability::tests::delegation_chain_invalid_signature ... ok
test capability::tests::governed_call_chain_provenance_separates_asserted_and_verified_views ... ok
test capability::tests::delegate_requires_child_share_under_attenuated_parent ... ok
test capability::tests::governed_intents::bound_tool_invocation_intent_hash_commits_canonical_parameters ... ok
test capability::tests::delegation_chain_non_monotonic_timestamps ... ok
test capability::tests::delegation_chain_broken_connectivity ... ok
test capability::tests::delegate_searches_all_matching_grants_for_step_narrowing ... ok
test capability::tests::governed_intents::governed_transaction_intent_binding_hash_changes_with_payload ... ok
test capability::tests::grant_subset_with_constraints ... ok
test capability::tests::grant_subset_with_wildcard_server ... ok
test capability::tests::grant_subset_with_invocation_budget ... ok
test capability::tests::runtime_attestation_rejects_conflicting_explicit_workload_identity ... ok
test capability::tests::runtime_attestation_trust_policy_rebinds_effective_tier ... ok
test capability::tests::runtime_attestation_normalizes_spiffe_runtime_identity ... ok
test capability::tests::runtime_attestation_trust_policy_rejects_disallowed_attestation_type ... ok
test capability::tests::runtime_attestation_trust_policy_rejects_missing_required_assertion ... ok
test capability::tests::runtime_attestation_trust_policy_rejects_stale_verified_evidence ... ok
test capability::tests::runtime_attestation_trust_policy_rejects_untrusted_verifier ... ok
test capability::tests::scope_not_subset_different_server ... ok
test capability::tests::scope_not_subset_different_tool ... ok
test capability::tests::scope_subset_fewer_grants ... ok
test capability::tests::scope_subset_fewer_operations ... ok
test capability::tests::operation_serde_roundtrip ... ok
test capability::tests::metered_billing_quote_validity_window_respects_optional_expiry ... ok
test capability::tests::scope_subset_wildcard_tool ... ok
test capability::tests::runtime_attestation_trust_policy_covers_remaining_fail_closed_paths ... ok
test capability::tests::scope_subset_same ... ok
test capability::tests::validate_attenuation_escalation_fails ... ok
test capability::tests::runtime_attestation_trust_policy_matches_google_family_and_required_assertions ... ok
test capability::tests::runtime_attestation_evidence_validity_window_is_half_open ... ok
test capability::tests::validate_attenuation_ok ... ok
test capability::tests::workload_identity_parses_spiffe_uri ... ok
test capability::tests::workload_identity_rejects_invalid_spiffe_variants ... ok
test capability::tests::workload_identity_validation_and_runtime_identity_conflicts_cover_remaining_paths ... ok
test capability::tests::time_validation ... ok
test capability::tests::governed_upstream_call_chain_proof_roundtrip_and_context_extraction ... ok
test capability::threshold_approval::tests::duplicate_keys_and_invalid_quorums_reject ... ok
test capability::threshold_approval::tests::eligible_set_digest_is_order_independent ... ok
test capability::tests::legacy_body_signed_capability_token_still_verifies ... ok
test crypto::ed25519_verification::tests::ordinary_success_never_satisfies_strict_verification ... ok
test capability::tests::requires_chain_binding_tracks_only_new_attenuation ... ok
test crypto::tests::algorithm_enum_defaults_to_ed25519 ... ok
test crypto::ed25519_verification::tests::failures_are_rechecked ... ok
test crypto::tests::atomic_signing_rejects_a_signature_from_another_identity ... ok
test capability::tests::plain_delegated_token_without_attenuation_proof_verifies_and_skips_chain_binding ... ok
test crypto::tests::deterministic_from_seed ... ok
test capability::tests::wrong_key_signature_fails ... ok
test crypto::tests::backend_signing_reuses_supplied_shared_canonical_bytes ... ok
test crypto::tests::canonical_json_key_order ... ok
test crypto::tests::non_ed25519_byte_access_fails_closed ... ok
test crypto::tests::atomic_signing_outcome_binds_identity_algorithm_and_signature ... ok
test crypto::tests::keypair_seed_hex_roundtrip ... ok
test capability::threshold_approval_tests::threshold_approval_proposal_and_set_bind_complete_artifacts ... ok
test crypto::tests::ed25519_hex_is_bare_64_chars ... ok
test crypto::tests::pubkey_hex_with_0x_prefix ... ok
test crypto::tests::ed25519_backend_round_trip ... ok
test crypto::tests::sha256_hex_known_value ... ok
test crypto::tests::pubkey_serde_roundtrip ... ok
test crypto::tests::rejects_non_matching_algorithm_pair ... ok
test crypto::tests::pubkey_hex_roundtrip ... ok
test crypto::tests::strict_verification_rejects_weak_ed25519_key ... ok
test crypto::ed25519_verification::tests::repeated_success_reuses_only_the_same_verification_input ... ok
test crypto::tests::signature_hex_roundtrip ... ok
test crypto::tests::signature_serde_roundtrip ... ok
test crypto::tests::sign_and_verify ... ok
test crypto::tests::sign_canonical_roundtrip ... ok
test crypto::tests::sign_canonical_shared_returns_shared_canonical_bytes ... ok
test crypto::tests::wrong_key_fails ... ok
test delegation_receipt::tests::aggregate_budget_projection_must_match_signed_link ... ok
test declassification::tests::domain_separated_signature_round_trips_strictly ... ok
test delegation_receipt::tests::complete_chain_appends_minted_link ... ok
test crypto::tests::wrong_message_fails ... ok
test delegation_receipt::tests::nonce_round_trips_as_hex ... ok
test delegation_receipt::tests::scope_attenuation_helpers_default_and_from_steps ... ok
test declassification::tests::substituted_body_and_unknown_envelope_field_reject ... ok
test capability::threshold_approval::tests::oversized_eligible_set_rejects ... ok
test delegation_receipt::tests::nonce_rejects_wrong_length_hex ... ok
test delegation_receipt::tests::receipt_canonical_bytes_are_byte_stable ... ok
test delegation_receipt::tests::receipt_rejects_unknown_fields ... ok
test delegation_receipt::tests::receipt_canonical_bytes_round_trip ... ok
test economic_continuity_anchor_tests::completed_effect_authority_requires_the_exact_anchored_slot ... ok
test economic_continuity_anchor_tests::batch_verifier_rejects_an_incomplete_multi_resource_projection ... ok
test economic_continuity_anchor_tests::effect_slot_decoder_binds_outer_anchor_namespace_and_lifecycle ... ok
test economic_continuity_anchor_tests::cancellation_requires_a_strict_lifecycle_fence_advance ... ok
test economic_continuity_anchor_tests::n_of_m_transition_verifier_binds_the_complete_frost_authorization ... ok
test economic_continuity_anchor_tests::generic_batch_qualification_rejects_no_effect_transitions ... ok
test economic_continuity_anchor_tests::generic_batch_qualification_rejects_effect_dispatch_transitions ... ok
test economic_continuity_anchor_tests::batch_commit_requires_exact_request_replays ... ok
test economic_continuity_anchor_tests::retained_request_mapping_rejects_conflict_before_batch_cas ... ok
test economic_continuity_anchor_tests::target_status_and_idempotent_retry_require_separate_qualification ... ok
test economic_continuity_anchor_tests::readiness_is_false_for_missing_behind_ahead_and_divergent_views ... ok
test economic_continuity_anchor_tests::batch_advance_rechecks_current_heads_sequence_signature_and_consumer_proofs ... ok
test economic_continuity_anchor_tests::signed_anchor_view_authenticates_values_absence_and_pins ... ok
test economic_continuity_tests::permanent_request_replay_mapping_rejects_conflicting_truth ... ok
test economic_continuity_tests::effect_slots_enforce_closed_transition_graph_and_retained_terminal_bytes ... ok
test economic_continuity_tests::post_dispatch_no_effect_requires_verified_post_commit_proof ... ok
test economic_continuity_tests::batch_rejects_unsorted_duplicate_and_tampered_transitions ... ok
test economic_continuity_tests::resource_heads_reject_regression_and_wrong_predecessor ... ok
test economic_continuity_tests::unknown_fields_and_unknown_versions_fail_closed ... ok
test hashing::tests::test_concat_hashes ... ok
test hashing::tests::test_hash_display ... ok
test hashing::tests::test_hash_from_hex ... ok
test hashing::tests::test_hash_serde ... ok
test hashing::tests::test_sha256 ... ok
test hashing::tests::test_sha256_hex ... ok
test hashing::tests::test_zero_hash ... ok
test loaded_weights::tests::byte_slice_implements_loaded_weights ... ok
test loaded_weights::tests::chunked_digest_matches_single_slice_digest ... ok
test loaded_weights::tests::digest_matches_sha256_known_vector ... ok
test manifest::tests::manifest_serde_roundtrip ... ok
test economic_continuity_tests::signed_batch_round_trips_with_stable_canonical_identity ... ok
test economic_continuity_anchor_tests::effect_dispatch_requires_the_exact_current_target_resource_head ... ok
test economic_continuity_anchor_tests::prepared_effect_batches_require_explicit_admission_verification ... ok
test crypto::ed25519_verification::tests::eviction_and_borrow_conflicts_fall_back_to_real_verification ... ok
test manifest::tests::tool_definition_serde_roundtrip ... ok
test manifest::tests::tool_annotations_default ... ok
test manifest::tests::tool_annotations_reject_legacy_duration ... ok
test manifest::tests::manifest_wrong_key_fails ... ok
test manifest::tests::manifest_sign_and_verify ... ok
test merkle::tests::consistency_deserialization_rejects_overlong_paths_before_growth ... ok
test merkle::tests::consistency_fixed_paths_match_rfc_6962_example_shape ... ok
test economic_continuity_anchor_tests::dispatch_commit_retains_the_exact_target_resource_head ... ok
test merkle::tests::consistency_proof_size_edge_cases ... ok
test merkle::tests::consistency_fixed_roots_match_rfc_6962_tree_hashing ... ok
test merkle::tests::consistency_generation_rejects_zero_and_oversized_old_tree ... ok
test merkle::tests::consistency_proof_rejects_tampered_roots_and_proofs ... ok
test merkle::tests::from_hashes_matches_from_leaves ... ok
test merkle::tests::empty_tree_fails ... ok
test merkle::tests::consistency_rejects_malformed_proofs_and_roots ... ok
test merkle::tests::inclusion_proof_rejects_wrong_leaf ... ok
test merkle::tests::proof_out_of_bounds ... ok
test merkle::tests::proof_serialization_roundtrip ... ok
test merkle::tests::inclusion_proofs_roundtrip ... ok
test merkle::tests::standard_build_node_hash_uses_rfc6962_sha256 ... ok
test merkle::tests::two_leaf_tree ... ok
test merkle::tests::verify_hash_works ... ok
test merkle::tests::single_leaf_tree ... ok
test merkle_fixtures::tests::bounded_fixtures_match_real_tree_builder ... ok
test message::tests::agent_message_heartbeat_serde_roundtrip ... ok
test message::tests::agent_message_list_capabilities_serde_roundtrip ... ok
test merkle::tests::consistency_all_pairs_verify_through_sixteen_leaves ... ok
test message::tests::agent_message_tool_call_authorization_fields_are_optional_on_the_wire ... ok
test message::tests::kernel_message_capability_revoked_serde_roundtrip ... ok
test message::tests::kernel_message_tool_chunk_serde_roundtrip ... ok
test message::tests::agent_message_tool_call_serde_roundtrip ... ok
test message::tests::tool_call_error_serde_roundtrip ... ok
test economic_continuity_tests::batch_binds_prepared_effect_slot_and_request_replay ... ok
test message::tests::tool_call_result_cancelled_serde_roundtrip ... ok
test message::tests::tool_call_result_err_serde_roundtrip ... ok
test message::tests::tool_call_result_incomplete_serde_roundtrip ... ok
test message::tests::tool_call_result_ok_serde_roundtrip ... ok
test message::tests::tool_call_result_stream_complete_serde_roundtrip ... ok
test plan::tests::aggregate_all_denied ... ok
test plan::tests::aggregate_all_allowed ... ok
test plan::tests::aggregate_empty_plan_is_allowed ... ok
test plan::tests::aggregate_partially_denied ... ok
test plan::tests::planned_call_roundtrips_through_serde ... ok
test message::tests::kernel_message_tool_response_serde_roundtrip ... ok
test economic_continuity_anchor_tests::only_signed_cas_commit_mints_effect_dispatch_authority ... ok
test message::tests::authorization_conflict_rejects_incompatible_approval_sets ... ok
test provider_attempt::tests::canonical_digests_are_stable_and_domain_separated ... ok
test merkle::tests::root_matches_recursive_reference ... ok
test economic_continuity_tests::composite_prepared_effect_batch_accepts_two_exact_operation_owners ... ok
test provider_attempt::tests::checkpoint_and_nested_binding_substitution_fail ... ok
test economic_continuity_tests::wire_schemas_accept_canonical_values_and_reject_one_field_tampering ... ok
test provider_attempt::tests::cancellation_and_execution_fences_are_enforced ... ok
test economic_continuity_anchor_tests::anchor_view_and_dispatch_commit_wire_schemas_match_signed_values ... ok
test provider_attempt::tests::predecessor_sequence_and_immutable_payload_changes_fail ... ok
test receipt::authoritative_spend::tests::guarantee_level_rank_ordering ... ok
test receipt::authoritative_spend::tests::guarantee_floor_passes_when_at_or_above_minimum ... ok
test receipt::authoritative_spend::tests::guarantee_floor_fails_when_below_minimum ... ok
test receipt::authoritative_spend::tests::guarantee_floor_with_unrecognized_minimum_is_rejected ... ok
test provider_attempt::tests::exact_lifecycle_and_cancel_branch_validate ... ok
test receipt::authoritative_spend::tests::authoritative_receipt_with_bound_nonce_passes ... ok
test provider_attempt::tests::schemas_digests_sizes_and_chain_length_are_bounded ... ok
test receipt::authoritative_spend::tests::nonce_reserving_the_committed_hold_passes ... ok
test receipt::authoritative_spend::tests::mediated_spend_profile_absent_is_rejected ... ok
test receipt::authoritative_spend::tests::r4_receipt_claiming_ha_linearizable_fails_single_node_operator_floor ... ok
test receipt::authoritative_spend::tests::nonce_without_reserved_hold_is_permitted ... ok
test receipt::authoritative_spend::tests::receipt_with_unrecognized_guarantee_level_is_rejected ... ok
test receipt::economics::tests::budget_ceilings_require_explicit_null_or_full_width_amounts ... ok
test receipt::metadata::tests::finding_status_metadata_rejects_non_i_json_integers ... ok
test receipt::metadata::tests::finding_status_metadata_requires_the_protocol_key_domain ... ok
test receipt::authoritative_spend::tests::nonce_reserving_a_different_hold_is_rejected ... ok
test receipt::authoritative_spend::tests::mediated_spend_profile_mismatch_is_rejected ... ok
test provider_attempt::tests::terminal_anchor_allows_no_extra_checkpoint ... ok
test receipt::tests::checkpoint_publication_trust_anchor_binding_rejects_blank_fields ... ok
test receipt::authoritative_spend::tests::tampered_receipt_body_with_admitted_key_is_rejected ... ok
test receipt::tests::checkpoint_publication_and_trust_anchor_identities_roundtrip ... ok
test receipt::tests::checkpoint_publication_trust_anchor_binding_serde_and_validation ... ok
test receipt::authoritative_spend::tests::r1_forged_mediated_label_without_budget_authority_is_rejected ... ok
test receipt::tests::backend_identity::receipt_signing_uses_only_the_embedded_identity_entrypoint ... ok
test receipt::tests::decision_serde_roundtrip ... ok
test receipt::tests::economic_authorization_receipt_metadata_serde_roundtrip ... ok
test receipt::tests::child_receipt_sign_and_verify ... ok
test receipt::tests::chio_receipt_extracts_typed_financial_and_budget_authority_metadata ... ok
test receipt::tests::child_receipt_serde_roundtrip ... ok
test receipt::tests::financial_receipt_metadata_attempted_cost_optional ... ok
test receipt::tests::financial_budget_authority_metadata_serde_roundtrip ... ok
test receipt::tests::financial_receipt_metadata_under_financial_key ... ok
test receipt::tests::financial_receipt_metadata_serde_roundtrip ... ok
test receipt::tests::governed_transaction_receipt_metadata_helpers_split_asserted_and_verified_call_chain ... ok
test receipt::tests::chio_internal_tool_origin_roundtrips_as_closed_vocabulary ... ok
test receipt::tests::guard_evidence_serde_roundtrip ... ok
test receipt::tests::receipt_attribution_metadata_serde_roundtrip ... ok
test receipt::tests::backend_identity::receipt_signing_rejects_each_mismatched_atomic_result ... ok
test receipt::tests::mediated_receipt_requires_decision ... ok
test receipt::tests::non_mediated_receipt_cannot_sign_any_decision ... ok
test receipt::tests::ed25519_receipt_without_algorithm_field_verifies ... ok
test receipt::tests::receipt_floor_rejects_ed25519_under_pq_required ... ok
test receipt::tests::receipt_cancelled_decision ... ok
test receipt::tests::receipt_floor_accepts_ed25519_under_allow_classical ... ok
test receipt::tests::receipt_deny_decision ... ok
test receipt::authoritative_spend::tests::security_critical_rejections ... ok
test receipt::tests::ed25519_receipt_is_byte_identical_without_algorithm_field ... ok
test receipt::tests::receipt_rejects_schema_invalid_bbs_signature_material ... ok
test receipt::tests::receipt_id_is_authoritative_and_content_addressed ... ok
test economic_continuity_anchor_tests::only_verified_cancellation_cas_mints_no_dispatch_authority ... ok
test receipt::tests::receipt_rejects_invalid_bbs_projection_bindings ... ok
test receipt::tests::receipt_lineage_statement_sign_and_verify ... ok
test receipt::tests::receipt_incomplete_decision ... ok
test receipt::tests::governed_transaction_receipt_metadata_serde_roundtrip ... ok
test receipt::tests::receipt_semantics_are_signed_top_level_fields ... ok
test receipt::tests::receipt_sign_and_verify ... ok
test receipt::tests::receipt_semantics_authorized_only_for_mediated_prevent_allow ... ok
test receipt::tests::receipt_round_trips_bbs_projection_metadata ... ok
test receipt::tests::sign_prepared_with_bbs_using_handle_rejects_render_a_sign_b ... ok
test receipt::tests::receipt_wrong_key_fails ... ok
test receipt::tests::settlement_status_serde_roundtrip ... ok
test receipt::tests::tool_call_action_tampered_hash ... ok
test receipt::tests::receipt_serde_roundtrip ... ok
test receipt::tests::sign_prepared_with_bbs_using_handle_accepts_matching_content ... ok
test receipt::tests::signed_export_envelope_roundtrip ... ok
test runtime_attestation::tests::derive_runtime_attestation_trust_material_rejects_unsupported_schema ... ok
test runtime_attestation::tests::verifier_family_mapping_covers_supported_and_unknown_schemas ... ok
test receipt::tests::receipt_signature_binds_typed_id_and_body_wrapper ... ok
test receipt::tests::tool_call_action_hash_verification ... ok
test receipt::tests::trace_and_advisory_semantics_cannot_authorize ... ok
test receipt::tests::trace_receipt_omits_decision_field ... ok
test receipt::tests::receipt_signing_nonce_preserves_repeated_invocation_identity ... ok
test runtime_attestation::tests::derive_runtime_attestation_trust_material_normalizes_vendor_specific_claims ... ok
test session::tests::anonymous_session_auth_context_has_no_principal ... ok
test session::tests::chio_identity_assertion_rejects_remaining_invalid_fields ... ok
test runtime_replay::identity_fixture_tests::shared_identifiers_match_canonical_fixture ... ok
test session::tests::chio_identity_assertion_rejects_stale_or_empty_fields ... ok
test session::tests::create_elicitation_result_roundtrip ... ok
test session::tests::create_elicitation_operation_roundtrip ... ok
test session::tests::chio_identity_assertion_roundtrips_and_validates ... ok
test session::tests::completion_result_roundtrip ... ok
test session::tests::marks_non_local_file_roots_as_unenforceable ... ok
test session::tests::create_message_operation_roundtrip ... ok
test session::tests::classifies_filesystem_resource_uris_for_runtime ... ok
test session::tests::marks_unenforceable_filesystem_resource_uris_as_fail_closed ... ok
test session::tests::classifies_non_file_roots_as_metadata_only ... ok
test session::tests::normalizes_enforceable_file_roots_for_runtime ... ok
test session::tests::classifies_non_filesystem_resource_uris_without_forcing_root_checks ... ok
test session::tests::normalizes_windows_style_file_roots_for_runtime ... ok
test session::tests::operation_context_new_sets_default_lineage_fields ... ok
test session::tests::oauth_session_auth_context_roundtrips_with_federated_claims ... ok
test session::tests::operation_context_roundtrip_preserves_lineage ... ok
test session::tests::progress_token_accepts_integer_or_string ... ok
test session::tests::ownership_snapshots_roundtrip_with_expected_defaults ... ok
test session::tests::operation_terminal_state_and_kind_helpers_cover_all_variants ... ok
test session::tests::request_lineage_record_rejects_unknown_schema ... ok
test session::tests::prompt_result_roundtrip ... ok
test session::tests::session_auth_context_helpers_cover_in_process_and_oauth_without_principal ... ok
test session::tests::request_lineage_record_tracks_continuation_and_capability_binding ... ok
test session::tests::root_definition_roundtrip ... ok
test session::tests::session_id_roundtrip ... ok
test session::tests::session_operation_reports_kind ... ok
test session::tests::root_and_resource_normalization_cover_remaining_helper_edges ... ok
test provider_attempt::tests::every_other_transition_is_rejected ... ok
test session::tests::session_anchor_signing_binds_auth_context_and_reference ... ok
test session::tests::session_auth_context_roundtrip_and_principal_helpers ... ok
test session::tests::session_anchor_detects_material_auth_context_drift ... ok
test session::tests::session_operation_roundtrip_preserves_tool_call_payload ... ok
test merkle::tests::consistency_proofs_match_reference_and_verify_for_all_size_pairs ... ok
test merkle::tests::one_tree_derives_every_prefix_root_and_proof ... ok

test result: ok. 431 passed; 0 failed; 0 ignored; 0 measured; 0 filtered out; finished in 0.42s

     Running tests/_generated_check.rs (/home/connor/chio-security-target-6d-final/debug/deps/_generated_check-de923699a611df21)

running 2 tests
test generated_mod_rs_exists ... ok
test every_generated_file_has_canonical_header ... ok

test result: ok. 2 passed; 0 failed; 0 ignored; 0 measured; 0 filtered out; finished in 0.02s

     Running tests/canonical_bytes_vectors.rs (/home/connor/chio-security-target-6d-final/debug/deps/canonical_bytes_vectors-90c5c06fbe5fa24b)

running 1 test
test canonical_bytes_match_checked_in_vectors ... ok

test result: ok. 1 passed; 0 failed; 0 ignored; 0 measured; 0 filtered out; finished in 0.00s

     Running tests/canonical_signature_boundary.rs (/home/connor/chio-security-target-6d-final/debug/deps/canonical_signature_boundary-dafed44458e10022)

running 10 tests
test canonical_json_is_byte_stable_across_object_order ... ok
test debug_redacts_preimage ... ok
test signing_handle_recomputes_content_hash_over_canonical_content ... ok
test sign_with_handle_rejects_render_a_sign_b ... ok
test sign_with_backend_using_handle_rejects_mismatch ... ok
test tampering_any_signed_receipt_field_fails_verification ... ok
test sign_with_backend_using_handle_accepts_matching_content ... ok
test sign_with_handle_accepts_matching_content ... ok
test receipt_signature_body_excludes_signature_field ... ok
test json_formatting_does_not_change_receipt_verification ... ok

test result: ok. 10 passed; 0 failed; 0 ignored; 0 measured; 0 filtered out; finished in 0.00s

     Running tests/capability_constraint_variants.rs (/home/connor/chio-security-target-6d-final/debug/deps/capability_constraint_variants-6555ec01d25bb39c)

running 23 tests
test model_metadata_accepts_partial_payload_with_only_model_id ... ok
test column_denylist_roundtrips ... ok
test content_review_tier_roundtrips ... ok
test memory_store_allowlist_roundtrips ... ok
test audience_allowlist_accepts_string_list ... ok
test operation_class_enum_serializes ... ok
test model_metadata_roundtrips_full ... ok
test require_finding_purchase_local_serializes_with_expected_shape ... ok
test require_finding_purchase_rejects_unknown_marker_fields ... ok
test require_dual_approval_roundtrips ... ok
test require_finding_purchase_escrow_selector_roundtrips ... ok
test require_finding_purchase_is_preserved_only_by_the_identical_marker ... ok
test require_finding_purchase_rejects_unknown_settlement_mode ... ok
test require_finding_recovery_rejects_unknown_fields ... ok
test table_allowlist_serializes_with_expected_tag ... ok
test require_finding_recovery_serializes_with_closed_shape ... ok
test max_rows_returned_roundtrips ... ok
test model_constraint_with_both_fields_roundtrips ... ok
test model_constraint_with_only_allowed_ids ... ok
test memory_write_deny_patterns_roundtrips ... ok
test max_transaction_amount_usd_roundtrips ... ok
test model_metadata_omits_absent_optional_fields ... ok
test existing_path_prefix_still_deserializes ... ok

test result: ok. 23 passed; 0 failed; 0 ignored; 0 measured; 0 filtered out; finished in 0.01s

     Running tests/capability_hybrid.rs (/home/connor/chio-security-target-6d-final/debug/deps/capability_hybrid-86ec627d0562ce2f)

running 0 tests

test result: ok. 0 passed; 0 failed; 0 ignored; 0 measured; 0 filtered out; finished in 0.00s

     Running tests/claim_registry_integrity.rs (/home/connor/chio-security-target-6d-final/debug/deps/claim_registry_integrity-24bc597d1c9763b8)

running 10 tests
test public_settlement_claims_reference_positive_fixture ... ok
test launch_schema_boundary_matches_registry_owner_acceptance ... ok
test enforced_claims_reference_live_proof_manifests ... ok
test commerce_order_emitted_claim_rows_are_registered ... ok
test agent_web_positive_fixture_refs_cover_valid_projection_artifacts ... ok
test transaction_passport_required_claim_rows_are_registered ... ok
test swarm_authority_claims_reference_positive_fixture ... ok
test financial_credential_required_claim_rows_are_registered ... ok
test proof_manifest_rust_test_refs_point_to_live_files ... FAILED
test expected_claim_evidence_refs_are_manifested ... ok

failures:

---- proof_manifest_rust_test_refs_point_to_live_files stdout ----

thread 'proof_manifest_rust_test_refs_point_to_live_files' (3427592) panicked at crates/core/chio-core-types/tests/claim_registry_integrity.rs:115:5:
proof manifest rust_test refs point to missing tests: manifest.capability.attenuation_proof: crates/core/chio-core-types/src/capability/tests.rs::attenuation_witness_roundtrip_and_forgery_rejection
note: run with `RUST_BACKTRACE=1` environment variable to display a backtrace


failures:
    proof_manifest_rust_test_refs_point_to_live_files

test result: FAILED. 9 passed; 1 failed; 0 ignored; 0 measured; 0 filtered out; finished in 0.24s

error: test failed, to rerun pass `-p chio-core-types --test claim_registry_integrity`
     Running tests/crypto_wire_bounds.rs (/home/connor/chio-security-target-6d-final/debug/deps/crypto_wire_bounds-d257a009f4797fa9)

running 15 tests
test malformed_hex_within_the_bound_classifies_as_invalid_hex ... ok
test malformed_unicode_and_prefixes_reject_without_panicking ... ok
test hash_wire_size_is_checked_before_hex_decoding ... ok
test hash_serde_borrows_input_and_preserves_prefixed_wire_format ... ok
test nested_hybrids_reject_before_decoding_inner_material ... ok
test oversized_hex_rejects_before_decoding_invalid_digits ... ok
test oversized_ecdsa_wire_signatures_are_rejected ... ok
test deeply_nested_key_wire_returns_an_error_without_crashing ... ok
test serde_accepts_borrowed_and_owned_strings_without_requesting_a_copy ... ok
test ecdsa_and_hybrid_wire_bounds_preserve_maximal_encodings ... ok
test deeply_nested_signature_wire_returns_an_error_without_crashing ... ok
test valid_ed25519_and_hybrid_transport_encodings_round_trip ... ok
test deeply_nested_signature_json_returns_an_error_without_crashing ... ok
test deeply_nested_key_json_returns_an_error_without_crashing ... ok
test prefixed_hex_wire_round_trips_when_decoding_succeeds ... ok

test result: ok. 15 passed; 0 failed; 0 ignored; 0 measured; 0 filtered out; finished in 0.04s

     Running tests/delivery_contract_metadata.rs (/home/connor/chio-security-target-6d-final/debug/deps/delivery_contract_metadata-2f4126bf01259fe7)

running 9 tests
test deny_unknown_fields_is_enforced_on_deserialization ... ok
test mutating_delivery_contract_metadata_breaks_verify_signature ... ok
test delivery_contract_survives_receipt_round_trip ... ok
test typed_validation_rejects_bad_schema_and_digests ... ok
test removing_delivery_contract_metadata_breaks_verify_signature ... ok
test accessor_absent_without_the_block ... ok
test valid_delivery_contract_passes_typed_validation ... ok
test schema_rejects_malformed_delivery_contracts ... ok
test valid_delivery_contract_matches_registered_schema ... ok

test result: ok. 9 passed; 0 failed; 0 ignored; 0 measured; 0 filtered out; finished in 0.04s

     Running tests/governed_active_response_intent.rs (/home/connor/chio-security-target-6d-final/debug/deps/governed_active_response_intent-f7db15ef3f9e44cc)

running 8 tests
test response_plan_hashing_rejects_bodies_above_the_governance_node_ceiling ... ok
test active_response_plan_uses_an_explicit_typed_variant_and_binds_the_complete_body ... ok
test response_plan_rejects_unknown_fields_and_partial_variant_markers ... ok
test response_plan_rejects_raw_hash_substitution_and_body_hash_mismatch ... ok
test response_plan_rejects_empty_duplicate_and_unsupported_effects ... ok
test response_plan_rejects_invalid_digests_and_expiry_bounds ... ok
test response_plan_rejects_unbounded_identifiers_and_canonical_bodies ... ok
test response_plan_hashing_enforces_the_exact_canonical_byte_ceiling ... ok

test result: ok. 8 passed; 0 failed; 0 ignored; 0 measured; 0 filtered out; finished in 0.01s

     Running tests/hybrid_bitflip.rs (/home/connor/chio-security-target-6d-final/debug/deps/hybrid_bitflip-c06221ba36d1094f)

running 0 tests

test result: ok. 0 passed; 0 failed; 0 ignored; 0 measured; 0 filtered out; finished in 0.00s

     Running tests/merkle_walk.rs (/home/connor/chio-security-target-6d-final/debug/deps/merkle_walk-0163bf5699c75d9a)

running 5 tests
test inclusion_steps_cover_left_right_and_carry ... ok
test production_walk_rejects_invalid_geometry_before_hashing ... ok
test production_walk_rejects_misordered_odd_index_path ... ok
test production_walk_rejects_truncated_and_padded_paths ... ok
test production_walk_roundtrips_required_tree_geometries ... ok

test result: ok. 5 passed; 0 failed; 0 ignored; 0 measured; 0 filtered out; finished in 0.00s

     Running tests/no_std_build.rs (/home/connor/chio-security-target-6d-final/debug/deps/no_std_build-03bb71b5b2dc90e5)

running 6 tests
test id_aliases_resolve_through_alloc ... ok
test error_result_type_alias ... ok
test canonical_json_roundtrip ... ok
test hashing_surface ... ok
test merkle_root_is_reachable ... ok
test keypair_sign_verify ... ok

test result: ok. 6 passed; 0 failed; 0 ignored; 0 measured; 0 filtered out; finished in 0.00s

     Running tests/property_capability_algebra.rs (/home/connor/chio-security-target-6d-final/debug/deps/property_capability_algebra-7115411306d7fa34)

running 8 tests
test tool_grant_subset_implies_scope_subset ... ok
test scope_subset_reflexive ... ok
test validate_attenuation_monotonic_under_chain_extension ... ok
test delegate_chain_extension_monotone ... ok
test scope_subset_transitive_normalized ... ok
test delegate_strictly_weakens ... ok
test delegate_revoked_parent_revokes_children ... ok
test delegation_depth_bounded_by_root ... ok

test result: ok. 8 passed; 0 failed; 0 ignored; 0 measured; 0 filtered out; finished in 0.13s

     Running tests/protocol_error_registry.rs (/home/connor/chio-security-target-6d-final/debug/deps/protocol_error_registry-bc0bf1c05f7dbbc0)

running 3 tests
test protocol_error_registry_includes_launch_transaction_failures ... ok
test protocol_error_registry_has_unique_codes_and_complete_categories ... ok
test protocol_error_registry_version_negotiation_artifact_is_consistent ... ok

test result: ok. 3 passed; 0 failed; 0 ignored; 0 measured; 0 filtered out; finished in 0.00s

     Running tests/protocol_primitives_generated.rs (/home/connor/chio-security-target-6d-final/debug/deps/protocol_primitives_generated-9fe3951a833c3d6e)

running 1 test
test generated_rust_shapes_parse_reject_and_round_trip_shared_fixtures ... ok

test result: ok. 1 passed; 0 failed; 0 ignored; 0 measured; 0 filtered out; finished in 0.02s

     Running tests/receipt_tenant_id.rs (/home/connor/chio-security-target-6d-final/debug/deps/receipt_tenant_id-1320b7959b12ced5)

running 5 tests
test receipt_body_serde_emits_tenant_id_when_set ... ok
test deserializing_receipt_without_tenant_id_defaults_to_none ... ok
test receipt_body_serde_omits_tenant_id_when_none ... ok
test tenant_id_serde_roundtrip_present ... ok
test tenant_id_absent_is_byte_identical_on_the_wire ... ok

test result: ok. 5 passed; 0 failed; 0 ignored; 0 measured; 0 filtered out; finished in 0.00s

     Running tests/security_generated_vectors.rs (/home/connor/chio-security-target-6d-final/debug/deps/security_generated_vectors-ffc4d36e645263db)

running 5 tests
test generated_response_plan_requires_exact_execution_binding ... ok
test legacy_response_transition_canonical_digest_is_unchanged ... ok
test native_receipt_types_reject_unsafe_json_integers ... ok
test generated_active_defense_types_decode_reencode_and_reject ... ok
OK security wire vectors: indexes=5 positives=90 negatives=270
test active_defense_schema_and_semantics_reject_mutation_corpus ... ok

test result: ok. 5 passed; 0 failed; 0 ignored; 0 measured; 0 filtered out; finished in 5.51s

     Running tests/security_receipts.rs (/home/connor/chio-security-target-6d-final/debug/deps/security_receipts-04ad49fefe242515)

running 17 tests
test applying_lease_timeout_after_every_effect_applied_is_still_partial_completion ... ok
test header_requires_exact_schema_time_and_sorted_unique_prior_links ... ok
test partial_rollback_cannot_validate_as_lifted_completion ... ok
test partial_apply_cannot_validate_as_active_completion ... ok
test health_receipts_reject_zero_or_future_operational_state ... ok
test correlated_finding_requires_ordered_unique_events_and_matching_evidence ... ok
test lift_completion_allows_effects_that_durably_never_applied_but_not_unknown_requests ... ok
test declassification_receipts_enforce_one_way_consumption_states ... ok
test response_plan_requires_canonical_effect_order_and_target_binding ... ok
test response_state_transition_enforces_exact_edge_cause_and_applying_lease ... ok
test response_plan_requires_the_exact_trigger_finding_receipt_as_a_prior ... ok
test flow_denial_digest_and_evidence_id_match_fixed_vectors ... ok
test failed_completion_requires_a_resolved_unapplied_effect_shape ... ok
test closed_vocabulary_round_trips_every_kind ... ok
test closed_bodies_reject_secret_bearing_and_unknown_fields ... ok
test completion_dispatch_proofs_require_an_exact_nonzero_paired_binding ... ok
test every_active_defense_body_field_tamper_fails_closed ... ok

test result: ok. 17 passed; 0 failed; 0 ignored; 0 measured; 0 filtered out; finished in 0.12s

     Running tests/signed_artifact_schema.rs (/home/connor/chio-security-target-6d-final/debug/deps/signed_artifact_schema-06140fbbb91248db)

running 22 tests
test bbs_projection_manifest_v2_schema_is_registered ... ok
test governed_action_evidence_schemas_are_registered ... ok
test channel_signed_artifact_schemas_are_registered ... ok
test clearing_signed_artifact_schemas_are_registered ... ok
test financial_credential_signed_artifact_schemas_are_registered ... ok
test economic_continuity_schemas_are_registered ... ok
test fiscal_signed_artifact_schemas_are_registered ... ok
test econsim_qualification_matrix_is_registered_and_unknown_versions_fail_closed ... ok
test schema_tagged_request_lineage_record_rejects_unsupported_schema_id ... ok
test schema_tagged_signers_reject_unsupported_schema_ids ... ok
test fiscal_genesis_policy_remains_outside_the_signed_artifact_registry ... ok
test schema_tagged_verifiers_reject_supported_key_with_unsupported_schema ... ok
test built_in_signed_artifact_registry_matches_public_metadata ... ok
test public_settlement_anchor_evidence_schemas_are_registered ... ok
test known_signed_artifact_schemas_are_supported ... ok
test public_settlement_dispatch_and_receipt_schemas_are_supported ... ok
test finding_family_schema_registry_parity_is_bidirectional ... ok
test proof_room_fixture_catalog_schema_is_registered ... ok
test new_economy_artifact_families_are_registered_exactly ... ok
test outcome_signed_artifact_schemas_are_registered_exactly ... ok
test known_signed_artifact_schemas_match_public_registry_or_internal_exemption ... ok
test fiscal_signed_artifact_registry_names_exact_schema_files ... ok

test result: ok. 22 passed; 0 failed; 0 ignored; 0 measured; 0 filtered out; finished in 0.03s

     Running tests/signed_json.rs (/home/connor/chio-security-target-6d-final/debug/deps/signed_json-43e1e9d1061ed345)

running 2 tests
test duplicate_and_lossy_tokens_reject_before_value_construction ... ok
test both_existing_writers_preserve_signed_values ... ok

test result: ok. 2 passed; 0 failed; 0 ignored; 0 measured; 0 filtered out; finished in 0.00s

     Running tests/signed_security_event.rs (/home/connor/chio-security-target-6d-final/debug/deps/signed_security_event-2c2db95b951a18fe)

running 5 tests
test trusted_producer_binding_rejects_wrong_identity_key_id_and_key ... ok
test wrong_domain_signature_is_rejected ... ok
test trusted_producer_round_trip_uses_the_security_event_domain ... ok
test strict_wire_decode_rejects_unknown_or_unsigned_envelopes ... ok
test every_body_field_and_envelope_cryptographic_field_is_bound ... ok

test result: ok. 5 passed; 0 failed; 0 ignored; 0 measured; 0 filtered out; finished in 0.02s

     Running tests/signer_binding.rs (/home/connor/chio-security-target-6d-final/debug/deps/signer_binding-19d9264421748069)

running 11 tests
test capability_backend_sign_rejects_embedded_issuer_mismatch ... ok
test manifest_sign_rejects_embedded_server_key_mismatch ... ok
test receipt_lineage_sign_rejects_embedded_kernel_key_mismatch ... ok
test delegation_link_sign_rejects_embedded_delegator_mismatch ... ok
test approval_signers_reject_embedded_approver_mismatches ... ok
test capability_sign_rejects_embedded_issuer_mismatch ... ok
test receipt_sign_rejects_embedded_kernel_key_mismatch ... ok
test session_anchor_sign_rejects_embedded_kernel_key_mismatch ... ok
test delegated_artifact_signers_reject_embedded_key_mismatches ... ok
test child_receipt_signers_reject_embedded_kernel_key_mismatches ... ok
test export_envelope_backend_path_matches_keypair_signing ... ok

test result: ok. 11 passed; 0 failed; 0 ignored; 0 measured; 0 filtered out; finished in 0.01s

     Running tests/threat_model_artifacts.rs (/home/connor/chio-security-target-6d-final/debug/deps/threat_model_artifacts-56e89a782eea3bd7)

running 2 tests
test threat_model_transport_requirements_cover_required_surfaces ... ok
test threat_model_register_lists_required_threats_with_mitigations ... ok

test result: ok. 2 passed; 0 failed; 0 ignored; 0 measured; 0 filtered out; finished in 0.00s

     Running tests/untrusted_json.rs (/home/connor/chio-security-target-6d-final/debug/deps/untrusted_json-c11c3f7e28a66ef3)

running 4 tests
test bounds_and_utf8_are_checked_before_json_decoding ... ok
test canonical_wire_bytes_reject_aliases_and_unknown_fields ... ok
test signed_native_input_preserves_the_entire_integer_domain ... ok
test ambiguous_signed_tokens_cannot_be_decoded_as_evidence ... ok

test result: ok. 4 passed; 0 failed; 0 ignored; 0 measured; 0 filtered out; finished in 0.00s

     Running tests/verified_outcome_request.rs (/home/connor/chio-security-target-6d-final/debug/deps/verified_outcome_request-7ed47c8b3da6c25a)

running 3 tests
test verified_outcome_extension_is_canonical_and_request_bound ... ok
test verified_outcome_extension_rejects_unknown_fields ... ok
test verified_outcome_extension_validates_derived_ids_and_schema ... ok

test result: ok. 3 passed; 0 failed; 0 ignored; 0 measured; 0 filtered out; finished in 0.00s

     Running tests/wire_protocol_schema.rs (/home/connor/chio-security-target-6d-final/debug/deps/wire_protocol_schema-0491e02cb3de57d1)

running 10 tests
test pending_approval::pending_approval_result_preserves_the_proposal_on_round_trip ... ok
test tool_call_response_schema_rejects_allow_shaped_trace_receipts ... ok
test operation_nonce::operation_nonce_schema_preserves_both_profiles_and_rejects_unknown_versions ... ok
test pending_approval::pending_approval_frame_rejects_execution_nonce ... ok
test pending_approval::pending_approval_result_rejects_missing_unknown_and_malformed_fields ... ok
test protocol_primitives_schema_conditions_fail_closed ... ok
test receipt_schemas_accept_signed_internal_origin_and_keep_closed_vocabulary ... ok
test receipt_schema_accepts_bound_bbs_signature_and_rejects_malformed_bindings ... ok
test wire_protocol_schema_cases_validate_live_serialization ... ok
test protocol_primitives_shared_fixtures_match_authoritative_schemas ... ok

test result: ok. 10 passed; 0 failed; 0 ignored; 0 measured; 0 filtered out; finished in 4.53s

     Running unittests src/lib.rs (/home/connor/chio-security-target-6d-final/debug/deps/chio_credentials-bf146ca38c5d2394)

running 59 tests
test financial_authority::tests::v1_production_activation_is_unconditionally_unsupported ... ok
test discovery_tests::signed_public_verifier_discovery_rejects_missing_guardrails ... ok
test discovery_tests::signed_public_discovery_transparency_rejects_duplicate_entries ... ok
test financial_authority::tests::manifest_authority_resolves_independently_to_one_active_local_key ... ok
test discovery_tests::signed_public_issuer_discovery_roundtrip_is_active ... ok
test key_algorithm_tests::portable_jwk_rejects_non_ed25519_without_panicking ... ok
test financial_authority::tests::self_consistent_unregistered_trust_pack_never_roots_authority ... ok
test financial_authority::tests::unknown_or_inactive_verifier_epoch_is_rejected ... ok
test financial_authority::tests::policy_resolution_pins_exact_pointer_generation_scope_and_time ... ok
test financial_authority::tests::resolver_and_high_water_outage_fail_closed ... ok
test financial_tests::signed_reliability_credential_is_explicitly_rejected ... ok
test tests::challenge_bound_presentation_rejects_holder_mismatch ... ok
test financial_authority::tests::generation_rollback_and_same_generation_conflict_deny_before_lookup ... ok
test portable_reputation_tests::portable_reputation_evaluation_applies_weighting_and_negative_events ... ok
test tests::challenge_bound_presentation_rejects_expired_challenge ... ok
test portable_reputation_tests::signed_portable_reputation_summary_survives_json_roundtrip ... ok
test tests::challenge_requires_non_empty_verifier_and_nonce ... ok
test financial_authority::tests::migration_envelope_substitution_is_rejected ... ok
test tests::cross_issuer_trust_pack_rejects_tampered_signature_boundary ... ok
test jwt_decode::tests::compact_jwt_bounds_segments_before_base64_allocation ... ok
test tests::non_revoked_lifecycle_record_projects_into_none ... ok
test tests::legacy_cross_issuer_portfolio_evaluation_is_unsupported ... ok
test tests::oid4vci_credential_request_rejects_subject_and_format_mismatch ... ok
test tests::challenge_bound_presentation_rejects_tampered_signature ... ok
test portable_reputation_tests::portable_reputation_evaluation_rejects_duplicate_or_disallowed_issuers ... ok
test tests::issued_credential_verifies_against_issuer_did ... ok
test tests::oid4vp_request_validation_rejects_mismatched_identity_assertion_binding ... ok
test tests::oid4vci_metadata_with_signing_key_advertises_portable_projection ... ok
test tests::enterprise_provenance_field_helper_rejects_blank_values ... ok
test tests::passport_lifecycle_validation_rejects_contradictory_fields ... ok
test tests::cross_issuer_portfolio_rejects_duplicate_migration_ids ... ok
test financial_authority::tests::revocation_is_pinned_before_denial_and_stale_active_cannot_reopen ... ok
test tests::challenge_bound_presentation_reports_policy_rejection_without_structural_failure ... ok
test tests::new_passport_artifacts_use_chio_schema_ids ... ok
test tests::oid4vci_metadata_and_response_can_carry_passport_status_distribution ... ok
test tests::challenge_bound_presentation_verifies_and_evaluates_policy ... ok
test tests::oid4vci_passport_metadata_offer_and_response_validate ... ok
test tests::passport_verification_rejects_tampered_enterprise_identity_provenance ... ok
test tests::passport_verification_accepts_multi_issuer_bundle ... ok
test tests::revoked_lifecycle_record_projects_into_oracle_bridge_event ... ok
test tests::portable_sd_jwt_rejects_missing_holder_binding ... ok
test tests::oid4vp_request_and_direct_post_roundtrip_verifies ... ok
test tests::passport_verification_surfaces_enterprise_identity_provenance ... ok
test tests::portable_sd_jwt_allows_subset_disclosure_for_presentation ... ok
test tests::portable_sd_jwt_rejects_unknown_disclosure_claims ... ok
test tests::portable_jwt_vc_json_passport_projection_roundtrip_verifies ... ok
test tests::passport_artifacts_with_canonical_schema_verify ... ok
test tests::wallet_exchange_validation_rejects_contradictory_state ... ok
test tests::portable_response_rejects_mismatched_compact_profile_format ... ok
test financial_tests::credential_decode_and_inspection_reject_member_at_exact_window_end ... ok
test tests::portable_sd_jwt::portable_sd_jwt_passport_projection_roundtrip_verifies ... ok
test tests::presentation_can_filter_credentials_by_issuer ... ok
test tests::verifier_policy_reports_mixed_multi_issuer_results ... ok
test tests::verifier_policy_accepts_matching_single_issuer_passport ... ok
test tests::verifier_policy_accepts_if_any_credential_matches_without_fake_aggregation ... ok
test tests::verifier_policy_can_require_enterprise_identity_provenance ... ok
test tests::signed_input_rejects_duplicate_passport_and_nested_credential_members ... ok
test tests::verifier_policy_rejects_unknown_metric_and_stale_attestation ... ok
test tests::verifier_policy_rejects_multi_issuer_bundle_when_no_credential_matches ... ok

test result: ok. 59 passed; 0 failed; 0 ignored; 0 measured; 0 filtered out; finished in 0.04s

     Running tests/financial_passport_v2.rs (/home/connor/chio-security-target-6d-final/debug/deps/financial_passport_v2-981142105999f8c2)

running 12 tests
test financial_subjects_are_typed_strict_and_raw_issuance_is_not_an_api ... ok
test financial_decode_rejects_unknown_schema_wrong_family_and_disabled_reliability ... ok
test version_dispatch_is_schema_first_and_downgrade_never_drops_v2_state ... ok
test manifest_caps_expiry_and_rejects_not_yet_valid_credentials ... ok
test upgraded_v2_rejects_a_nested_reputation_credential_before_its_issuance ... ok
test manifest_present_passport_rejects_outer_metadata_tampering_and_addition ... ok
test presentation_selectors_reject_omission_extra_substitution_and_leaf_mismatch ... ok
test invalid_holder_signature_does_not_consume_the_challenge ... ok
test holder_signed_v2_response_is_exactly_selected_and_consumed_once ... ok
test signed_v2_challenge_rejects_digest_signature_and_unknown_field_tampering ... ok
test validated_v2_builder_binds_manifest_credentials_and_schema_first_admission ... ok
test v2_passport_and_presentation_reject_unknown_fields ... ok

test result: ok. 12 passed; 0 failed; 0 ignored; 0 measured; 0 filtered out; finished in 11.09s

     Running tests/integration_smoke.rs (/home/connor/chio-security-target-6d-final/debug/deps/integration_smoke-580ab895d2bb5693)

running 9 tests
test unknown_presentation_challenge_schema_rejects_before_window_check ... ok
test unknown_passport_schema_rejects_before_verify ... ok
test signed_verifier_policy_activation_window_is_inclusive ... ok
test unknown_signed_verifier_policy_schema_rejects_before_signature ... ok
test presentation_rejects_holder_mismatch ... ok
test oid4vp_artifacts_expire_at_exact_exp ... ok
test passport_issue_verify_and_present_round_trip ... ok
test unknown_presentation_response_schema_rejects_before_signature ... ok
test portable_credentials_expire_at_exact_exp ... ok

test result: ok. 9 passed; 0 failed; 0 ignored; 0 measured; 0 filtered out; finished in 0.01s

     Running tests/property_passport.rs (/home/connor/chio-security-target-6d-final/debug/deps/property_passport-f837f100b2e287f4)

running 4 tests
test passport_verify_idempotent_on_well_formed ... ok
test revoked_lifecycle_entry_never_verifies ... ok
test passport_signature_breaks_under_any_subject_mutation ... ok
test lifecycle_state_transitions_monotone ... ok

test result: ok. 4 passed; 0 failed; 0 ignored; 0 measured; 0 filtered out; finished in 0.20s

     Running tests/schema_negative.rs (/home/connor/chio-security-target-6d-final/debug/deps/schema_negative-af83a2db007fea92)

running 4 tests
test unsupported_passport_schema_variants_fail_closed_before_signature_checks ... ok
test unsupported_signed_verifier_policy_schema_variants_fail_closed ... ok
test unsupported_challenge_and_response_schema_variants_fail_closed ... ok
test native_wire_documents_reject_unknown_fields_before_verification ... ok

test result: ok. 4 passed; 0 failed; 0 ignored; 0 measured; 0 filtered out; finished in 0.01s

     Running tests/trust_tier.rs (/home/connor/chio-security-target-6d-final/debug/deps/trust_tier-cce1bd8bb1faf3f7)

running 10 tests
test synthesis_attested_band_maps_to_attested ... ok
test synthesis_premier_requires_clear_anomaly ... ok
test synthesis_verified_band_maps_to_verified ... ok
test passport_without_trust_tier_on_wire_still_deserializes ... ok
test passport_with_trust_tier_roundtrips_through_serde ... ok
test tier_labels_match_serde_wire_form ... ok
test synthesis_below_attested_threshold_is_unverified ... ok
test synthesis_is_deterministic ... ok
test passport_default_has_no_trust_tier_and_omits_field_on_wire ... ok
test all_four_tier_values_roundtrip_inside_a_passport ... ok

test result: ok. 10 passed; 0 failed; 0 ignored; 0 measured; 0 filtered out; finished in 0.01s

     Running unittests src/lib.rs (/home/connor/chio-security-target-6d-final/debug/deps/chio_custody_hw-626d62178a5ea123)

running 88 tests
test attestation::google_root::tests::const_str_eq_matches_std_eq ... ok
test attestation::play_integrity::tests::production_path_fails_closed_while_fixture_root_is_pinned ... ok
test attestation::google_root::tests::readiness_guard_is_tied_to_pinned_key_bytes ... ok
test attestation::google_root::tests::placeholder_root_is_flagged_and_guard_fails ... ok
test attestation::app_attest::tests::parse_cose_ec2_point_rejects_non_ec2_kty ... ok
test attestation::play_integrity_input::tests::token_limit_precedes_base64_allocation ... ok
test attestation::app_attest::tests::parse_cose_ec2_point_extracts_x_then_y ... ok
test attestation::app_attest::tests::parse_cose_ec2_point_distinguishes_distinct_keys ... ok
test attestation::app_attest::tests::parse_cose_ec2_point_rejects_short_coordinate ... ok
test attestation::app_attest::tests::leaf_ec2_point_rejects_non_p256_certificate ... ok
test capability::tests::audience_mismatch_returns_typed_error ... ok
test attestation::receipt_chain::tests::envelope_parse_rejects_duplicate_ignored_evidence_fields ... ok
test capability::tests::scope_set_subset_check ... ok
test capability::tests::expiry_check_rejects_past_exp ... ok
test capability::tests::lifetime_pinned_to_five_minutes ... ok
test capability::tests::scope_set_dedupes_and_orders ... ok
test capability::tests::unsigned_envelope_constructor_leaves_signature_empty ... ok
test attestation::play_integrity_input::tests::token_original_header_and_claims_are_checked_before_projection ... ok
test attestation::app_attest::tests::parse_cose_ec2_point_rejects_wrong_curve ... ok
test error::tests::rate_limited_constructor_preserves_subject_and_urn ... ok
test attestation::app_attest::tests::validate_app_attest_aaguid_rejects_sandbox_and_development_in_production ... ok
test error::tests::urns_match_registry ... ok
test error::tests::variant_to_urn_mapping ... ok
test issuer::tests::mint_rejects_blank_verified_credential_id ... ok
test issuer::tests::rejects_audience_mismatch_fail_closed ... ok
test issuer::tests::mint_rejects_malformed_challenge_nonce_without_nonce_store ... ok
test issuer::tests::rejects_assertion_without_user_verification_fail_closed ... ok
test issuer::tests::enforce_revocation_replay_rejects_a_fail_open_issuer ... ok
test mint::tests::resigning_overwrites_prior_signature ... ok
test mobile_challenge::tests::issued_challenge_binds_nonce_application_and_validity ... ok
test mobile_challenge::tests::in_memory_challenge_is_consumed_exactly_once ... ok
test mobile_challenge::tests::expired_challenges_fail_closed_and_gc_reopens_capacity ... ok
test mobile_challenge::tests::mobile_challenge_errors_keep_stable_urns ... ok
test mobile_challenge::tests::concurrent_app_attest_challenges_compare_and_swap_counter_state ... ok
test mobile_challenge::tests::app_attest_counter_advance_is_atomic_with_challenge_consume ... ok
test issuer::tests::mints_signed_capability_with_correct_audience ... ok
test issuer::tests::rate_limit_triggers_fail_closed ... ok
test mint::tests::sign_capability_populates_signature_with_ed25519_backend ... ok
test nonce_store::tests::distinct_credentials_share_nonce_value_safely ... ok
test mobile_challenge::tests::invalid_platform_verification_does_not_consume_challenge ... ok
test nonce_store::tests::fresh_then_replay_in_memory ... ok
test nonce_store::tests::gc_prunes_expired_entries_only ... ok
test nonce_store::tests::hard_cap_rejects_new_keys_until_explicit_gc ... ok
test nonce_store::tests::oversized_nonce_key_rejects_fail_closed ... ok
test rate_limit::tests::admits_up_to_budget_then_denies ... ok
test rate_limit::tests::non_positive_window_denies_everything_fail_closed ... ok
test rate_limit::tests::subjects_are_independent ... ok
test rate_limit::tests::tracked_subject_cap_fails_closed_on_new_subject ... ok
test rate_limit::tests::window_slides_so_old_requests_free_budget ... ok
test mint::tests::signing_message_clears_signature_slot_for_byte_stability ... ok
test rate_limit::tests::zero_budget_denies_everything_fail_closed ... ok
test issuer::tests::issued_signature_verifies_under_signer_public_key ... ok
test mobile_challenge::tests::sqlite_store_rejects_relative_production_paths ... ok
test nonce_store::sqlite_tests::sqlite_fresh_then_replay_in_memory ... ok
test revocation::sqlite::tests::durable_register_dependency_rejects_invalid_subject_before_staging ... ok
test revocation::sqlite::tests::durable_double_revoke_is_idempotent_and_epoch_stable ... ok
test revocation::tests::cascade_is_transitive_across_a_chain ... ok
test revocation::tests::cascade_rolls_back_when_a_subject_becomes_unstageable ... ok
test revocation::tests::distinct_credentials_revoke_independently ... ok
test revocation::tests::cascade_terminates_on_cycle ... ok
test revocation::tests::clean_revoke_succeeds_after_an_unstageable_cascade_rolls_back ... ok
test revocation::tests::double_revoke_is_idempotent ... ok
test revocation::tests::register_dependency_rejects_invalid_subjects_before_staging ... ok
test revocation::tests::invalid_dependent_is_rejected_so_the_root_cascade_stays_clean ... ok
test revocation::tests::registering_child_after_parent_revoked_cascades_immediately ... ok
test revocation::tests::revoking_parent_cascades_to_registered_child ... ok
test revocation::tests::revoked_closure_enumerates_the_transitive_subtree ... ok
test revocation::tests::revoke_then_is_revoked_round_trip ... ok
test verifier::tests::base64_url_no_pad_roundtrip_known_vector ... ok
test revocation::tests::sibling_dependents_do_not_cross_cascade ... ok
test verifier::tests::challenge_extraction_fails_closed_on_empty_challenge ... ok
test revocation::tests::self_dependency_is_rejected_fail_closed ... ok
test verifier::tests::challenge_extraction_fails_closed_on_malformed_client_data ... ok
test verifier::tests::challenge_extraction_fails_closed_when_challenge_missing ... ok
test verifier::tests::challenge_extraction_recovers_webauthn_challenge ... ok
test verifier::tests::original_client_data_rejects_hidden_duplicate_fields_and_lossy_numbers ... ok
test verifier::tests::verifier_replay_key_rejects_duplicate_credential_challenge_pair ... ok
test verifier::tests::rejects_invalid_origin_at_construction ... ok
test verifier::tests::verifier_constructs_with_valid_rpid_origin ... ok
test revocation::sqlite::tests::durable_revocation_round_trips_across_reopen ... ok
test revocation::sqlite::tests::durable_epoch_root_is_stable_across_reopen ... ok
test mobile_challenge::tests::sqlite_store_fails_closed_when_database_permissions_drift ... ok
test mobile_challenge::tests::sqlite_store_fails_closed_when_database_identity_drifts ... ok
test nonce_store::sqlite_tests::sqlite_nonce_single_use_survives_reopen ... ok
test revocation::sqlite::tests::durable_register_dependency_is_atomic_on_midpersist_failure ... ok
test issuer::tests::durable_stores_handle_shares_the_revocation_oracle_with_the_issuer ... ok
test mobile_challenge::tests::sqlite_single_use_and_counter_state_survive_reopen ... ok
test mobile_challenge::tests::sqlite_parallel_consumers_admit_exactly_one ... ok

test result: ok. 88 passed; 0 failed; 0 ignored; 0 measured; 0 filtered out; finished in 0.12s

     Running tests/attestation_app_attest.rs (/home/connor/chio-security-target-6d-final/debug/deps/attestation_app_attest-adf77472f1680757)

running 12 tests
test app_attest_verifier_rejects_wrong_key_id ... ok
test app_attest_verifier_rejects_counter_rollback ... ok
test app_attest_verifier_rejects_fixture_shape_unless_enabled ... ok
test app_attest_verifier_accepts_synthetic_cbor_fixture ... ok
test app_attest_webauthn_shape_rejects_malformed_credential_key ... ok
test app_attest_webauthn_shape_allows_sandbox_aaguid_outside_production ... ok
test app_attest_verifier_rejects_wrong_challenge ... ok
test app_attest_webauthn_shape_rejects_missing_x5c_fail_closed ... ok
test app_attest_webauthn_shape_rejects_nonzero_initial_counter ... ok
test apple_root_pin_parses_and_matches_fingerprint ... ok
test app_attest_webauthn_shape_rejects_sandbox_aaguid_in_production ... ok
test app_attest_webauthn_shape_rejects_unknown_aaguid ... ok

test result: ok. 12 passed; 0 failed; 0 ignored; 0 measured; 0 filtered out; finished in 0.01s

     Running tests/attestation_play_integrity.rs (/home/connor/chio-security-target-6d-final/debug/deps/attestation_play_integrity-89fe9984a1d9f49e)

running 15 tests
test play_integrity_verifier_rejects_symmetric_alg_downgrade ... ok
test play_integrity_caller_supplied_jwks_only_honoured_when_opted_in ... ok
test play_integrity_verifier_rejects_symmetric_jwks_fail_closed ... ok
test play_integrity_verifier_rejects_expired_token_fail_closed ... ok
test play_integrity_verifier_accepts_future_exp ... ok
test play_integrity_verifier_rejects_wrong_audience ... ok
test play_integrity_pins_jwks_and_ignores_caller_supplied_keys ... FAILED
test play_integrity_verifier_rejects_non_es256_asymmetric_algs ... ok
test receipt_chain_rejects_empty_evidence_schema_fail_closed ... ok
test receipt_chain_rejects_unknown_platform_fail_closed ... ok
test play_integrity_verifier_rejects_nonce_replay ... ok
test play_integrity_verifier_accepts_signed_fixture ... ok
test play_integrity_verifier_rejects_unrecognized_app ... ok
test play_integrity_verifier_rejects_wrong_issuer ... ok
test receipt_chain_accepts_play_integrity_evidence_shape ... ok

failures:

---- play_integrity_pins_jwks_and_ignores_caller_supplied_keys stdout ----

thread 'play_integrity_pins_jwks_and_ignores_caller_supplied_keys' (3428233) panicked at crates/trust/chio-custody-hw/tests/attestation_play_integrity.rs:145:65:
rejection should reference the missing attacker kid, got "JWKS has no matching key id"
note: run with `RUST_BACKTRACE=1` environment variable to display a backtrace


failures:
    play_integrity_pins_jwks_and_ignores_caller_supplied_keys

test result: FAILED. 14 passed; 1 failed; 0 ignored; 0 measured; 0 filtered out; finished in 0.01s

error: test failed, to rerun pass `-p chio-custody-hw --test attestation_play_integrity`
     Running tests/audience_confusion.rs (/home/connor/chio-security-target-6d-final/debug/deps/audience_confusion-e8784595b57a1117)

running 4 tests
test require_audience_fail_closed_for_mismatch_pinned ... ok
test audience_bit_flip_invalidates_signature_pinned ... ok
test audience_bit_flip_arbitrary_index_breaks_sig ... ok
test audience_mutation_rejected_at_both_layers ... ok

test result: ok. 4 passed; 0 failed; 0 ignored; 0 measured; 0 filtered out; finished in 0.08s

     Running tests/capability_canonical_json.rs (/home/connor/chio-security-target-6d-final/debug/deps/capability_canonical_json-0bb7ce05e0af9c84)

running 7 tests
test audience_pin_encoded_verbatim ... ok
test canonical_capability_rejects_alternate_spelling_and_oversize ... ok
test scope_set_serialised_in_canonical_sorted_order ... ok
test canonical_json_field_order_locked ... ok
test canonical_json_round_trip_byte_identical ... ok
test five_minute_lifetime_pinned ... ok
test unsigned_envelope_encodes_empty_signature_slot ... ok

test result: ok. 7 passed; 0 failed; 0 ignored; 0 measured; 0 filtered out; finished in 0.00s

     Running tests/end_to_end.rs (/home/connor/chio-security-target-6d-final/debug/deps/end_to_end-9a6a9ed9c266cf28)

running 2 tests
test passkey_to_capability_to_kernel_call_then_revoke_within_one_epoch ... ok
test replay_of_minted_capability_is_blocked_by_nonce_store ... ok

test result: ok. 2 passed; 0 failed; 0 ignored; 0 measured; 0 filtered out; finished in 0.01s

     Running tests/fixture_corpus.rs (/home/connor/chio-security-target-6d-final/debug/deps/fixture_corpus-04cff3736726b777)

running 5 tests
test corpus_directories_present ... ok
test negative_descriptors_cover_required_failure_modes ... ok
test positive_descriptors_kind_and_no_urn ... ok
test corpus_carries_four_positive_and_four_negative ... ok
test fixture_ids_are_unique ... ok

test result: ok. 5 passed; 0 failed; 0 ignored; 0 measured; 0 filtered out; finished in 0.00s

     Running tests/issuer_roundtrip.rs (/home/connor/chio-security-target-6d-final/debug/deps/issuer_roundtrip-a1fd5257e33a566a)

running 4 tests
test issuer_rejects_audience_mismatch_in_request ... ok
test round_trip_canonical_json_survives_mint ... ok
test minted_capability_is_always_signed ... ok
test round_trip_mint_then_verify_audience_and_lifetime ... ok

test result: ok. 4 passed; 0 failed; 0 ignored; 0 measured; 0 filtered out; finished in 0.00s

     Running tests/mint_signed.rs (/home/connor/chio-security-target-6d-final/debug/deps/mint_signed-83a91498f47e0828)

running 5 tests
test signed_mint_yields_non_empty_signature_under_classical_floor ... ok
test signing_envelope_is_byte_identical_across_signers ... ok
test tampering_with_scope_set_breaks_signature ... ok
test signature_verifies_against_backend_public_key ... ok
test tampering_with_audience_breaks_signature ... ok

test result: ok. 5 passed; 0 failed; 0 ignored; 0 measured; 0 filtered out; finished in 0.01s

     Running tests/replay_resistance.rs (/home/connor/chio-security-target-6d-final/debug/deps/replay_resistance-5a629d5a6c277e3d)

running 8 tests
test gc_after_retention_window_unblocks_slot ... ok
test first_mint_fresh_second_mint_replay_in_memory ... ok
test record_outcome_distinguishes_fresh_and_replay ... ok
test stale_entry_before_gc_is_still_treated_as_replay ... ok
test distinct_credentials_share_nonce_value_safely ... ok
test concurrent_record_calls_classify_exactly_one_as_fresh ... ok
test sqlite::sqlite_store_detects_replay ... ok
test sqlite::sqlite_concurrent_record_calls_classify_exactly_one_as_fresh ... ok

test result: ok. 8 passed; 0 failed; 0 ignored; 0 measured; 0 filtered out; finished in 0.02s

     Running tests/revocation_cascade.rs (/home/connor/chio-security-target-6d-final/debug/deps/revocation_cascade-b7501afe183a2ea2)

running 5 tests
test double_revocation_is_idempotent_for_operator_retry ... ok
test revocation_check_runs_before_nonce_recording ... ok
test pre_revocation_mint_succeeds ... ok
test post_revocation_next_mint_denied_within_epoch ... ok
test revocation_does_not_cascade_across_credentials ... ok

test result: ok. 5 passed; 0 failed; 0 ignored; 0 measured; 0 filtered out; finished in 0.00s

     Running unittests src/lib.rs (/home/connor/chio-security-target-6d-final/debug/deps/chio_federation-90d52ff8f0fb217c)

running 106 tests
test bilateral_dsse::tests::pae_matches_dsse_v1_format_known_vector ... ok
test bilateral_dsse::tests::require_policy_evaluation_allow_admission_accepts_unanimous_allow ... ok
test bilateral_dsse::tests::require_policy_evaluation_allow_admission_propagates_summary_validation ... ok
test bilateral_dsse::tests::require_policy_evaluation_allow_admission_rejects_deny ... ok
test bilateral_dsse::tests::payload_decode_failures_report_the_protocol_stage ... ok
test bilateral_dsse::tests::keyid_is_sha256_of_raw_ed25519_public_key_bytes ... ok
test bilateral_dsse::tests::strict_chio_signer_rejects_treaty_outcome_hash_mismatch ... ok
test bilateral_dsse::tests::strict_chio_signer_rejects_treaty_remote_receipt_hash_mismatch ... ok
test bilateral_dsse::tests::payload_size_limit_applies_before_base64_decode_and_pae_allocation ... ok
test bilateral_dsse::tests::strict_chio_signer_rejects_treaty_runtime_ref_mismatch ... ok
test bilateral_dsse::tests::strict_chio_signer_rejects_identical_signer_keys ... ok
test bilateral_dsse::tests::strict_chio_signer_rejects_treaty_request_hash_mismatch ... ok
test bilateral_dsse::tests::signer_rejects_tool_name_that_does_not_match_receipt ... ok
test bilateral_dsse::tests::strict_chio_signer_accepts_treaty_binding_without_governance_ref ... ok
test bilateral_dsse::tests::validate_policy_evaluation_summary_rejects_unsupported_verdict ... ok
test bilateral_dsse::tests::strict_chio_verifier_rejects_duplicate_signature_keyids ... ok
test bilateral_dsse::tests::happy_path_signs_and_verifies ... ok
test bilateral_dsse::tests::verifier_rejects_missing_signature ... ok
test bilateral_dsse::tests::strict_chio_signer_binds_treaty_runtime_refs ... ok
test bilateral_dsse::tests::verifier_rejects_invalid_embedded_receipt_signature_even_if_dsse_resigned ... ok
test bilateral_dsse::tests::strict_cosigner_pipeline_returns_a_verified_envelope ... ok
test bilateral_dsse::tests::mismatched_payload_type_fails_verification ... ok
test bilateral_dsse::tests::round_trip_preserves_pae_bytes ... ok
test bilateral_dsse::tests::verifier_accepts_reversed_signature_order_by_keyid ... ok
test bilateral_dsse::tests::tampered_payload_fails_verification ... ok
test bilateral_dsse::tests::signer_rejects_empty_schema_required_identifiers ... ok
test bilateral_dsse::tests::verifier_rejects_wrong_predicate_type_even_if_resigned ... ok
test bilateral_verifier::tests::governance_digest_hash_record_must_be_sha256 ... ok
test bilateral_dsse::tests::verifier_rejects_noncanonical_statement_payload_even_if_resigned ... ok
test bilateral_dsse::tests::verifier_rejects_embedded_receipt_not_signed_by_tool_host ... ok
test bilateral_verifier::tests::happy_path_passes_partial_local_verifier ... ok
test bilateral_dsse::tests::verifier_rejects_ordered_or_quorum_consistency_claims_without_anchor_metadata ... ok
test bilateral_verifier::tests::parseable_dsse_with_bad_statement_json_reports_statement_malformed ... ok
test bilateral_verifier::tests::scope_digest_hash_record_must_be_sha256 ... ok
test bilateral_verifier::tests::predicate_tool_name_must_match_resolved_receipt ... ok
test bilateral_verifier::tests::multi_subject_envelope_is_rejected_at_verifier_step_3 ... ok
test bilateral_verifier::tests::step_13_verdict_disagreement_fails_closed ... ok
test bilateral_verifier::tests::resolved_receipt_signature_must_verify ... ok
test bilateral_verifier::tests::step_14_expired_lease_fails_closed ... ok
test bilateral_verifier::tests::step_15_receipt_backed_class_requires_governance_receipt ... ok
test bilateral_verifier::tests::step_15_unknown_action_class_rejected_under_strict_policy ... ok
test bilateral_verifier::tests::policy_provenance_fields_must_be_non_empty ... ok
test bilateral_verifier::tests::strict_chio_verifier_accepts_strict_predicate_profile ... ok
test bilateral_verifier::tests::predicate_embedded_receipt_json_must_match_resolved_receipt ... ok
test bilateral_verifier::tests::step_8_unpinned_peer_fails_closed ... ok
test bilateral_verifier::tests::strict_chio_verifier_accepts_treaty_ordered_consistency ... ok
test bilateral_verifier::tests::strict_chio_verifier_rejects_signature_slice_profile ... ok
test bilateral_verifier::tests::strict_chio_treaty_review_binds_live_material ... ok
test bilateral_verifier::tests::strict_chio_verifier_binds_treaty_signers_to_authenticated_peers ... ok
test bilateral_verifier::tests::strict_chio_verifier_binds_treaty_request_hash_to_tool_args ... ok
test bilateral_verifier::tests::step_7_missing_receipt_fails_closed_with_subject_digest_mismatch ... ok
test metrics::tests::registry_constant_matches_spec ... ok
test revocation_gossip::tests::catchup_request_new_rejects_inverted_range ... ok
test revocation_gossip::tests::batch_envelope_rejects_bad_schema ... ok
test revocation_gossip::tests::batch_envelope_rejects_bad_inner_frame ... ok
test bilateral_verifier::tests::strict_chio_verifier_requires_fresh_ladder_refs ... ok
test revocation_gossip::tests::catchup_request_validate_rejects_bad_schema ... ok
test revocation_gossip::tests::catchup_responder_propagates_request_validation_failure ... ok
test revocation_gossip::tests::catchup_responder_emits_full_range_in_order ... ok
test revocation_gossip::tests::catchup_request_new_rejects_oversized_range ... ok
test revocation_gossip::tests::catchup_responder_skips_pre_history_then_serves_suffix ... ok
test bilateral_verifier::tests::strict_chio_verifier_binds_treaty_outcome_hash_to_resolved_receipt ... ok
test bilateral_verifier::tests::strict_chio_verifier_rejects_treaty_without_ordered_anchor ... ok
test bilateral_verifier::tests::strict_chio_verifier_binds_treaty_remote_receipt_hash_to_resolved_receipt ... ok
test revocation_gossip::tests::catchup_response_validate_rejects_bad_schema ... ok
test revocation_gossip::tests::catchup_responder_stops_at_internal_gap ... ok
test bilateral_verifier::tests::strict_chio_verifier_resolves_treaty_governance_refs_for_routine_class ... ok
test bilateral_verifier::tests::unsupported_policy_verdict_is_rejected ... ok
test revocation_gossip::tests::catchup_response_validate_detects_internal_gap ... ok
test bilateral_verifier::tests::verify_chio_bilateral_invocation_accepts_unanimous_deny_for_audit ... ok
test bilateral_verifier::tests::strict_chio_verifier_requires_tool_args_hash ... ok
test revocation_gossip::tests::push_queue_subscribe_is_idempotent ... ok
test revocation_gossip::tests::deny_unknown_fields_blocks_extra_keys ... ok
test revocation_gossip::tests::push_queue_flush_omits_empty_peers ... ok
test revocation_gossip::tests::push_queue_zero_capacity_rejected_fail_closed ... ok
test revocation_gossip::tests::from_signed_mirrors_epoch_and_signer ... ok
test revocation_gossip::tests::push_queue_flush_stamps_now_into_envelope ... ok
test revocation_gossip::tests::validate_envelope_rejects_epoch_mismatch ... ok
test revocation_gossip::tests::push_queue_drops_stale_epochs_per_peer ... ok
test revocation_gossip::tests::push_queue_enqueues_to_every_subscriber ... ok
test revocation_gossip::tests::push_queue_coalesces_lower_epochs ... ok
test revocation_gossip::tests::push_queue_unsubscribe_reports_presence ... ok
test tests::federated_stake_requirement_rejects_lowercase_bond_currency ... ok
test tests::activation_exchange_requires_local_policy_import ... ok
test tests::federation_helper_validators_reject_invalid_boundary_inputs ... ok
test tests::hex_digest_validation_rejects_padded_digest ... ok
test tests::hex_digest_helper_preserves_exact_uppercase_compatible_digest_contract ... ok
test revocation_gossip::tests::round_trip_serde_preserves_fields ... ok
test tests::open_admission_policy_and_stake_rules_reject_invalid_configurations ... ok
test tests::quorum_report_rejects_invalid_conflict_and_state_combinations ... ok
test revocation_gossip::tests::validate_envelope_accepts_well_formed_frame ... ok
test tests::qualification_matrix_rejects_case_level_misconfigurations ... ok
test tests::quorum_report_requires_origin_publisher ... ok
test revocation_gossip::tests::catchup_responder_emits_empty_response_when_history_missing ... ok
test revocation_gossip::tests::validate_envelope_rejects_signer_id_mismatch ... ok
test bilateral_verifier::tests::strict_chio_verifier_rejects_n_of_m_without_verified_frost_authorization ... ok
test tests::reference_artifacts_parse_and_validate ... ok
test tests::activation_exchange_rejects_schema_reference_and_operator_mismatches ... ok
test tests::open_admission_policy_requires_bond_requirement ... ok
test tests::qualification_matrix_requires_requirement_coverage ... ok
test revocation_gossip::tests::validate_envelope_rejects_bad_schema ... ok
test tests::quorum_report_rejects_invalid_observations_and_policy_failures ... ok
test revocation_gossip::tests::push_queue_capacity_eviction_drops_oldest ... ok
test tests::reputation_clearing_rejects_duplicate_summary_issuer ... ok
test tests::reputation_input_and_sybil_helpers_reject_invalid_values ... ok
test tests::reputation_clearing_rejects_invalid_classification_and_sybil_outcomes ... ok

test result: ok. 106 passed; 0 failed; 0 ignored; 0 measured; 0 filtered out; finished in 0.07s

     Running tests/bilateral_signing.rs (/home/connor/chio-security-target-6d-final/debug/deps/bilateral_signing-c085e050c4c93ea0)

running 9 tests
test verify_fails_when_body_is_tampered ... ok
test canonical_body_roundtrip_is_stable ... ok
test verify_fails_when_wrong_peer_key_is_supplied_for_either_side ... ok
test happy_path_dual_signs_and_verifies_on_both_sides ... ok
test cosigner_rejects_forged_org_b_signature ... ok
test verify_fails_when_detached_signatures_cover_receipt_with_bad_embedded_signature ... ok
test verify_fails_when_embedded_receipt_kernel_key_is_not_tool_host_key ... ok
test verify_pinned_rejects_duplicate_peer_keys ... ok
test verify_pinned_rejects_self_declared_identity_substitution ... ok

test result: ok. 9 passed; 0 failed; 0 ignored; 0 measured; 0 filtered out; finished in 0.01s

     Running tests/distributed_revocation_refinement.rs (/home/connor/chio-security-target-6d-final/debug/deps/distributed_revocation_refinement-a6b64c1b6fe743bc)

running 4 tests
test wall_clock_staleness_fails_closed ... ok
test partition_suspends_delivery_then_catchup_converges ... ok
test loss_duplicate_and_reorder_preserve_monotone_view ... ok
test forged_root_is_rejected_by_pinned_signer ... ok

test result: ok. 4 passed; 0 failed; 0 ignored; 0 measured; 0 filtered out; finished in 0.01s

     Running tests/frost_authorization.rs (/home/connor/chio-security-target-6d-final/debug/deps/frost_authorization-839b385bdb6808fc)

running 5 tests
test action_registry_is_closed_and_covers_every_current_n_of_m_class ... ok
test validation_rejects_contract_drift_and_a_stale_stored_id ... ok
test decoding_rejects_unknown_fields_and_noncanonical_identifiers ... ok
test typed_action_preimage_dispatch_binds_the_registered_domain_and_resource ... ok
test authorization_id_and_signing_bytes_bind_the_complete_execution_slot ... ok

test result: ok. 5 passed; 0 failed; 0 ignored; 0 measured; 0 filtered out; finished in 0.00s

     Running tests/frost_roster.rs (/home/connor/chio-security-target-6d-final/debug/deps/frost_roster-2725abaf766d51f4)

running 5 tests
test frost_roster_rejects_unknown_shape_and_invalid_contract_fields ... ok
test dealer_fixture_roster_is_never_active_resolution_material ... ok
test frost_roster_registry_has_one_exact_row_for_every_ladder_quorum_action ... ok
test frost_roster_requires_a_pinned_authority_signature ... ok
test frost_roster_published_schemas_validate_signed_fixtures ... ok

test result: ok. 5 passed; 0 failed; 0 ignored; 0 measured; 0 filtered out; finished in 0.09s

     Running tests/frost_rotation.rs (/home/connor/chio-security-target-6d-final/debug/deps/frost_rotation-9306407f9d64742e)

running 1 test
test epoch_advance_requires_distinct_governance_quorum_and_zero_live_sessions ... ok

test result: ok. 1 passed; 0 failed; 0 ignored; 0 measured; 0 filtered out; finished in 0.09s

     Running tests/frost_vectors.rs (/home/connor/chio-security-target-6d-final/debug/deps/frost_vectors-b137b9ec87653021)

running 7 tests
test retired_epoch_is_historical_evidence_but_not_execution_authority ... ok
test active_verification_rejects_wrong_group_key_and_altered_body ... ok
test upstream_official_vector_and_active_execution_authorization_verify ... ok
test historical_completion_requires_the_exact_bound_slot_and_live_completion_window ... ok
test active_verification_rejects_wrong_domain_stale_epoch_and_expiry ... ok
test active_verification_rejects_forged_epoch_and_slot_checkpoints ... ok
test signed_frost_numbers_enforce_ijson_boundaries ... ok

test result: ok. 7 passed; 0 failed; 0 ignored; 0 measured; 0 filtered out; finished in 0.14s

     Running tests/generated_sources.rs (/home/connor/chio-security-target-6d-final/debug/deps/generated_sources-b7b72313242b64b5)

running 1 test
test generated_rust_sources_have_the_regeneration_header ... ok

test result: ok. 1 passed; 0 failed; 0 ignored; 0 measured; 0 filtered out; finished in 0.00s

     Running tests/integration_smoke.rs (/home/connor/chio-security-target-6d-final/debug/deps/integration_smoke-c047195f20089719)

running 1 test
test federation_defaults_require_multi_party_visibility ... ok

test result: ok. 1 passed; 0 failed; 0 ignored; 0 measured; 0 filtered out; finished in 0.00s

     Running tests/oracle_gossip_e2e.rs (/home/connor/chio-security-target-6d-final/debug/deps/oracle_gossip_e2e-daa1caf43052ed94)

running 3 tests
test verifier_rejects_replayed_root_after_advance ... ok
test verifier_view_is_monotonically_advancing_after_burst ... ok
test oracle_insert_visible_at_verifier_within_budget ... ok

test result: ok. 3 passed; 0 failed; 0 ignored; 0 measured; 0 filtered out; finished in 0.09s

     Running tests/pheromone_gossip.rs (/home/connor/chio-security-target-6d-final/debug/deps/pheromone_gossip-249c14c7771d3ccd)

running 8 tests
test pheromone_batch_verifier_rejects_empty_batch ... ok
test receiver_rejects_transit_hop_with_pinned_id_but_wrong_intersection_hash ... ok
test pheromone_relayed_gossip_accepts_bounded_transit_chain ... ok
test pheromone_push_queue_only_routes_to_scoped_treaties ... ok
test pheromone_direct_gossip_requires_frame_treaty_in_deposit_scope ... ok
test pheromone_push_queue_is_per_peer_per_treaty_fifo_without_coalescing ... ok
test pheromone_batch_verifier_accepts_scoped_direct_batch ... ok
test pheromone_batch_verifier_rejects_wrong_direct_sender ... ok

test result: ok. 8 passed; 0 failed; 0 ignored; 0 measured; 0 filtered out; finished in 0.01s

     Running tests/treaty.rs (/home/connor/chio-security-target-6d-final/debug/deps/treaty-af561f292d3b4f0e)

running 5 tests
test chio_treaty_manifest_rejects_alias_shadowing_later_canonical_action ... ok
test chio_treaty_uses_canonical_n_of_m_vocabulary_and_quorum_metadata ... ok
test chio_treaty_intersection_rejects_destructive_crdt ... ok
test chio_treaty_intersection_emits_chio_schema ... ok
test chio_cross_boundary_admission_report_uses_chio_codes_and_checks ... ok

test result: ok. 5 passed; 0 failed; 0 ignored; 0 measured; 0 filtered out; finished in 0.00s

     Running tests/trust_establishment.rs (/home/connor/chio-security-target-6d-final/debug/deps/trust_establishment-b34d18e908df4886)

running 18 tests
test conformance_evidence_derives_tiers_from_thresholds ... ok
test conformance_evidence_rejects_impossible_percentages ... ok
test conformance_tier_is_signed_and_pinned_at_handshake ... ok
test explicit_t1_capabilities_are_signed_when_requested ... ok
test aggregate_budget_negotiation_requires_both_peers ... ok
test accept_rejects_wrong_addressee ... ok
test ladder_manifest_ref_is_signed_and_pinned_when_requested ... ok
test handshake_succeeds_and_pins_both_sides ... ok
test resolve_unknown_peer_fails_closed ... ok
test stale_peer_is_rejected_fail_closed ... ok
test default_handshake_omits_v1_compatibility_fields ... ok
test cumulative_approval_negotiation_requires_both_peers ... ok
test quorum_policy_rejects_peer_below_min_tier ... ok
test freshness_rotation_reissues_pin ... ok
test untrusted_peer_cannot_probe_quorum_tier_floor ... ok
test accept_rejects_untrusted_first_contact ... ok
test accept_rejects_tampered_signature ... ok
test accept_rejects_clock_skew ... ok

test result: ok. 18 passed; 0 failed; 0 ignored; 0 measured; 0 filtered out; finished in 0.02s

     Running unittests src/lib.rs (/home/connor/chio-security-target-6d-final/debug/deps/chio_federation_authority-f6b458ce111c334a)

running 20 tests
test frost_ceremony::sealing::tests::regenerate_sealed_vectors ... ignored, explicit vector regeneration; independently verify before committing
test tests::authority_profile_rejects_runtime_policy_issuer_overlapping_authority_keys ... ok
test tests::checkpoint_rejects_non_monotonic_epoch ... ok
test tests::authority_profile_requires_runtime_policy_issuer_roots ... ok
test tests::authority_readers_reject_duplicate_fields_before_validation ... ok
test tests::authority_profile_rejects_duplicate_runtime_policy_issuer_keys ... ok
test tests::peer_pins_reject_duplicate_peer_kernel_ids_before_bundle_assembly ... ok
test tests::inactive_authority_fails_before_signing ... ok
test tests::profile_rejects_authority_key_ids_that_do_not_match_public_keys ... ok
test tests::signing_key_custody_is_canonical_zeroizing_and_redacted ... ok
test tests::profile_requires_authority_key_ids ... ok
test tests::sha256_hex_shape_helper_accepts_exact_hex_before_lowercase_validation ... ok
test tests::issuer_outputs_verifier_compatible_lease_and_governance_artifacts ... ok
test tests::chio_federation_authority_outputs_chio_native_wrapper_schemas ... ok
test tests::trust_bundle_assembly_requires_reference_workflow_classes ... ok
test frost_ceremony::sealing::tests::parser_and_roster_reject_ambiguous_oversized_and_missing_keys ... ok
test frost_ceremony::sealing::tests::authenticated_invalid_agreement_and_plaintext_have_distinct_rejections ... ok
test frost_ceremony::sealing::tests::opening_checks_unmodified_foreign_context_before_decryption ... ok
test frost_ceremony::sealing::tests::every_metadata_field_and_ciphertext_is_authenticated ... ok
test frost_ceremony::sealing::tests::every_three_of_five_pair_matches_vectors_and_produces_a_working_threshold_key ... ok

test result: ok. 19 passed; 0 failed; 1 ignored; 0 measured; 0 filtered out; finished in 0.44s

     Running tests/frost_ceremony.rs (/home/connor/chio-security-target-6d-final/debug/deps/frost_ceremony-4621d987f0a8d345)

running 4 tests
test sealed_round_two_opens_only_for_its_recipient ... ok
test frost_ceremony_rejects_participant_drift_duplicate_packages_and_tampering ... ok
test frost_ceremony_resumes_the_exact_upstream_state_after_each_round ... ok
test sealed_fuzz_entry_handles_pinned_seeds_and_bounded_mutations ... ok

test result: ok. 4 passed; 0 failed; 0 ignored; 0 measured; 0 filtered out; finished in 0.72s

     Running tests/frost_coordinator.rs (/home/connor/chio-security-target-6d-final/debug/deps/frost_coordinator-21bd6f761f1844b7)

running 1 test
test coordinator_builds_one_sorted_threshold_package_and_verifies_every_share ... ok

test result: ok. 1 passed; 0 failed; 0 ignored; 0 measured; 0 filtered out; finished in 0.08s

     Running tests/frost_signer.rs (/home/connor/chio-security-target-6d-final/debug/deps/frost_signer-f355b5a2d37d28fa)

running 2 tests
test signer_nonce_is_spent_by_a_single_share_and_a_retry_derives_a_fresh_one ... ok
test signer_uses_one_nonce_for_one_exact_message_and_commitment ... ok

test result: ok. 2 passed; 0 failed; 0 ignored; 0 measured; 0 filtered out; finished in 0.04s

     Running unittests src/lib.rs (/home/connor/chio-security-target-6d-final/debug/deps/chio_federation_transport_iroh-ad87757d0823877d)

running 179 tests
test admission::tests::empty_deny_all_admits_nothing ... ok
test catchup::tests::contiguous_run_passes_ordering ... ok
test catchup::tests::epoch_gap_bumps_gap_counter_and_is_still_rejected ... ok
test catchup::tests::blob_transfer_that_never_completes_fails_closed_at_the_bound ... ok
test catchup::tests::epoch_gap_is_detected ... ok
test catchup::tests::blob_backed_history_serves_verified_roots ... ok
test admission::tests::admitted_endpoint_accepts_and_resolves_kernel_id ... ok
test catchup::tests::derived_binding_rejects_unknown_signer_and_wrong_authority ... ok
test catchup::tests::manifest_advertises_the_blob_addresses_the_follower_will_fetch ... ok
test admission::tests::unadmitted_endpoint_bumps_403_counter_and_is_still_rejected ... ok
test catchup::tests::manifest_over_cap_is_rejected ... ok
test admission::tests::transport_key_rotation_flips_admitted_endpoint_at_the_gate ... ok
test catchup::tests::integrity_mismatch_is_rejected ... ok
test catchup::tests::derived_binding_resolves_and_verifies_a_root ... ok
test catchup::tests::manifest_json_round_trips_and_validate_rejects_a_gap ... ok
test catchup::tests::manifest_mixing_signer_ids_is_rejected_fail_closed ... ok
test admission::tests::unbound_endpoint_is_rejected_403 ... ok
test catchup::tests::manifest_serves_the_contiguous_suffix_and_stops_at_a_gap ... ok
test catchup::tests::manifest_skips_pre_history_and_serves_the_retained_suffix ... ok
test admission::tests::removed_endpoint_is_rejected_403 ... ok
test catchup::tests::over_cap_blob_size_is_rejected_before_read ... ok
test catchup::tests::signed_root_accepted_from_pinned_signer ... ok
test admission::tests::swap_flips_admission_without_reconstructing_the_gate ... ok
test catchup::tests::tampered_signature_is_rejected_bad_signature ... ok
test catchup::tests::manifest_carries_signer_id_and_binds_to_one_signer ... ok
test catchup::tests::wrong_signer_key_is_rejected_bad_signature ... ok
test identity::tests::directory_document_without_treaties_field_deserializes_back_compat ... ok
test identity::tests::empty_directory_is_rejected ... ok
test identity::tests::duplicate_revocation_signer_id_is_rejected ... ok
test identity::tests::oracle_endorsement_is_not_replayable_as_transport_endorsement ... ok
test identity::tests::duplicate_treaty_party_is_rejected ... ok
test identity::tests::out_of_window_bundle_bumps_identity_verify_failure_and_is_still_rejected ... ok
test identity::tests::non_ed25519_oracle_key_is_rejected_even_with_valid_endorsement ... ok
test identity::tests::empty_treaty_party_set_is_rejected ... ok
test identity::tests::out_of_window_bundle_is_rejected ... ok
test identity::tests::missing_passport_endorsement_is_rejected ... ok
test identity::tests::revocation_signers_field_defaults_when_absent_on_the_wire ... ok
test identity::tests::resolve_passport_key_is_directory_bound_and_fails_closed ... ok
test identity::tests::removed_entry_does_not_resolve ... ok
test identity::tests::rolled_back_version_is_rejected ... ok
test identity::tests::resolve_transport_endpoint_is_the_reverse_of_authorize_and_fails_closed ... ok
test identity::tests::eviction_bundle_verifies_when_removed_entry_transport_endorsement_is_invalid ... ok
test identity::tests::tampered_directory_fails_body_hash_pin ... ok
test identity::tests::signerless_bundle_yields_empty_signer_directory ... ok
test identity::tests::revocation_signer_binding_verifies_and_projects ... ok
test identity::tests::removed_entry_suppresses_its_revocation_signer ... ok
test identity::tests::transport_endorsement_is_not_replayable_as_oracle_endorsement ... ok
test identity::tests::rotation_to_unendorsed_new_endpoint_is_rejected ... ok
test identity::tests::tampered_treaty_party_set_fails_body_hash_pin ... ok
test identity::tests::unknown_issuer_is_rejected ... ok
test identity::tests::tampered_oracle_public_key_is_rejected ... ok
test identity::tests::wrong_issuer_signature_is_rejected ... ok
test identity::tests::wrong_previous_version_hash_is_rejected ... ok
test identity::tests::wrong_passport_endorsement_is_rejected ... ok
test identity::tests::removed_entry_with_malformed_oracle_endorsement_does_not_fail_the_bundle ... ok
test identity::tests::treaty_party_set_is_indexed_and_membership_is_fail_closed ... ok
test identity::tests::valid_bundle_verifies_and_resolves_endpoints ... ok
test identity::tests::wrong_passport_oracle_endorsement_is_rejected ... ok
test catchup::tests::fsstore_publish_read_verify_round_trip ... ok
test identity::tests::transport_key_rotation_end_to_end ... ok
test catchup::tests::publish_manifest_stops_at_gap_and_only_publishes_served_roots ... ok
test lanes::bilateral::tests::cosign_unit_verifies_against_the_directory_bound_passport_key ... ok
test lanes::bilateral::tests::cosign_unit_rejects_endpoint_absent_from_the_current_directory_snapshot ... ok
test lanes::bilateral::tests::cosign_unit_rejects_wrong_origin_without_signing ... ok
test lanes::bilateral::tests::lagging_pinned_passport_key_is_rejected_without_signing ... ok
test catchup::tests::publish_and_build_manifest_publishes_every_advertised_root ... ok
test lanes::bilateral::tests::sync_cosign_on_current_thread_runtime_fails_closed_without_panicking ... ok
test lanes::bilateral::tests::wrong_origin_bumps_verify_failure_counter_and_is_still_rejected ... ok
test lanes::fanout::tests::bad_deposit_signature_rejected_even_from_admitted_neighbor ... ok
test lanes::bilateral::tests::legit_cosign_within_tight_bounds_is_still_fully_verified_and_accepted ... ok
test lanes::bilateral::tests::bad_org_b_signature_is_rejected_without_signing ... ok
test lanes::fanout::tests::fanout_membership_gate_rejects_non_party_at_join_and_receive ... ok
test lanes::fanout::tests::concurrent_sender_enforces_treaty_and_size_checks ... ok
test lanes::fanout::tests::frame_from_a_foreign_treaty_is_rejected_on_this_swarm ... ok
test lanes::fanout::tests::lagged_event_is_metered_and_surfaced ... ok
test lanes::fanout::tests::lane_verifies_a_real_chio_pheromone_deposit_signature ... ok
test lanes::fanout::tests::broadcast_rejects_wrong_treaty_frame_before_send ... ok
test lanes::fanout::tests::origin_key_mismatch_bumps_verify_failure_counter_and_is_still_rejected ... ok
test lanes::fanout::tests::oversized_frame_is_rejected_before_broadcast ... ok
test lanes::fanout::tests::receive_accepts_a_party_origin_frame ... ok
test lanes::fanout::tests::raw_decode_rejects_a_foreign_treaty_frame ... ok
test lanes::fanout::tests::receive_accepts_when_resolver_matches_the_directory ... ok
test lanes::fanout::tests::receive_rejects_a_non_party_origin_frame ... ok
test lanes::fanout::tests::receive_rejects_a_resolver_key_that_lags_the_directory ... ok
test lanes::fanout::tests::receive_binds_origin_key_to_the_directory_even_with_an_empty_resolver ... ok
test lanes::fanout::tests::small_frame_encodes_under_cap ... ok
test lanes::bilateral::tests::mismatched_org_b_kernel_id_is_rejected_without_signing ... ok
test lanes::bilateral::tests::full_cosign_succeeds_and_response_verifies_over_pae_bytes ... ok
test lanes::bilateral::tests::cosign_over_the_sync_protocol_trait_contract ... ok
test lanes::fanout::tests::subscribe_rejects_a_non_party_local_operator ... ok
test lanes::bilateral::tests::unbound_endpoint_is_rejected_at_the_gate ... ok
test lanes::fanout::tests::topic_derivation_is_deterministic_and_distinct_per_treaty ... ok
test lanes::fanout::tests::treaty_mismatch_bumps_verify_failure_counter_and_is_still_rejected ... ok
test lanes::fanout::tests::unknown_origin_is_rejected ... ok
test lanes::fanout::tests::unknown_origin_bumps_verify_failure_counter_and_is_still_rejected ... ok
test lanes::limits::tests::bounded_returns_inner_output_when_fast ... ok
test lanes::fanout::tests::valid_self_signed_frame_is_accepted ... ok
test lanes::limits::tests::bounded_times_out_a_stalled_future ... ok
test lanes::limits::tests::cap_admits_up_to_the_limit_then_sheds ... ok
test lanes::limits::tests::default_config_is_generous_and_bounded ... ok
test lanes::fanout::tests::topic_bound_decoder_rejects_a_foreign_treaty_frame ... ok
test lanes::limits::tests::per_peer_cap_bounds_single_peer_below_lane_cap ... ok
test lanes::limits::tests::distinct_close_codes ... ok
test lanes::fanout::tests::subscribe_rejects_a_non_party_spoofing_a_real_party_kernel_id ... ok
test lanes::limits::tests::recommended_receive_window_has_headroom_over_batch_cap ... ok
test lanes::limits::tests::zero_cap_is_clamped_to_one_permit ... ok
test lanes::pheromone::tests::admitted_endpoint_resolves_to_its_kernel_id ... ok
test lanes::fanout::tests::new_derives_local_identity_from_the_spawned_endpoint ... ok
test lanes::fanout::tests::subscribe_join_fails_closed_on_timeout ... ok
test lanes::pheromone::tests::full_receive_report_validates_and_carries_accepted ... ok
test lanes::pheromone::tests::incremental_read_holds_only_delivered_bytes ... ok
test lanes::pheromone::tests::len_delimited_frame_round_trips ... ok
test lanes::fanout::tests::subscribe_admits_a_party_past_the_membership_gate ... ok
test lanes::limits::tests::cancelled_admission_releases_the_per_peer_slot ... ok
test lanes::pheromone::tests::outbox_retry_and_dead_letter_bump_outbox_counters ... ok
test lanes::pheromone::tests::admitted_dialer_batch_accepted_over_quic ... FAILED
test lanes::pheromone::tests::over_cap_frame_is_rejected_before_allocation ... ok
test lanes::pheromone::tests::partial_accepted_response_is_rejected_before_delivery ... ok
test lanes::pheromone::tests::outbox_reuse_enqueues_leases_and_dead_letters ... ok
test lanes::pheromone::tests::read_len_delimited_enforces_the_configured_ingress_cap ... ok
test lanes::pheromone::tests::outbound_scope_rejection_skips_dial_and_folds_into_retry ... ok
test lanes::pheromone::tests::deny_all_swap_between_admission_and_receive_admits_nothing ... ok
test lanes::limits::tests::per_peer_never_exceeds_cap ... ok
test lanes::pheromone::tests::record_fail_leaves_slot_held_so_redelivery_never_re_receives ... ok
test lanes::pheromone::tests::record_ok_release_frees_slot_and_bounds_growth ... ok
test lanes::pheromone::tests::removed_endpoint_is_rejected_fail_closed ... ok
test lanes::pheromone::tests::resolved_sender_feeds_verifier_and_batch_is_accepted ... ok
test lanes::pheromone::tests::receive_fail_releases_slot_for_reclaim ... ok
test lanes::pheromone::tests::sender_mismatch_row_is_requeued_not_dead_lettered ... ok
test lanes::pheromone::tests::unbound_endpoint_is_rejected_fail_closed ... ok
test lanes::pheromone::tests::unbound_dialer_is_rejected_at_handshake ... ok
test lanes::bilateral::tests::client_read_bound_drops_an_org_a_that_never_replies ... ok
test lanes::pheromone::tests::verifier_rejects_when_authenticated_sender_differs ... ok
test lanes::pheromone::tests::client_read_bound_drops_a_recipient_that_never_returns_the_report ... ok
test lanes::bilateral::tests::slowloris_length_prefix_without_body_is_dropped_within_read_bound ... ok
test lanes::pheromone::tests::winning_the_reservation_does_not_prove_the_batch_is_unreceived ... ok
test lanes::bilateral::tests::peer_that_never_opens_a_stream_is_dropped_within_accept_bi_bound ... ok
test lanes::revocation::tests::batch_merge_is_atomic_when_a_later_root_fails ... ok
test lanes::revocation::tests::batch_merge_applies_all_when_every_root_succeeds ... ok
test lanes::revocation::tests::catchup_manifest_requester_mismatch_is_rejected_and_not_served ... ok
test lanes::revocation::tests::catchup_manifest_without_publisher_falls_back_to_inline ... ok
test lanes::revocation::tests::catchup_manifest_async_requester_mismatch_rejected_and_nothing_published ... ok
test lanes::bilateral::tests::peer_that_completes_exchange_but_never_closes_does_not_hang_past_linger ... ok
test lanes::revocation::tests::catchup_request_serves_from_history ... ok
test lanes::revocation::tests::catchup_requester_mismatch_is_rejected_and_not_served ... ok
test lanes::revocation::tests::derived_signer_directory_resolves_binding ... ok
test lanes::revocation::tests::catchup_manifest_request_serves_published_blob_addresses ... ok
test lanes::revocation::tests::default_merge_batch_fails_closed_with_no_partial_apply ... ok
test lanes::revocation::tests::forged_root_bumps_verify_failure_counter_and_is_still_rejected ... ok
test lanes::revocation::tests::lane_request_round_trips_externally_tagged ... ok
test lanes::revocation::tests::forged_root_rejected_through_derived_binding ... ok
test lanes::revocation::tests::one_bad_frame_rejects_whole_batch_all_or_nothing ... ok
test lanes::revocation::tests::push_addressed_to_another_responder_is_rejected_and_not_merged ... ok
test lanes::revocation::tests::real_handler_accepts_pinned_signer_over_quic ... ok
test lanes::revocation::tests::real_handler_rejects_forged_signer_root_before_merge_over_quic ... ok
test lanes::revocation::tests::push_batch_over_iroh_accepts_a_dialable_endpoint_addr ... ok
test lanes::revocation::tests::request_manifest_catchup_over_iroh_falls_back_to_inline_without_publisher ... ok
test lanes::revocation::tests::signed_root_accepted_through_derived_binding ... ok
test lanes::revocation::tests::shipped_client_closes_connection_after_reading_reply ... ok
test lanes::revocation::tests::signer_directory_rejects_duplicate_and_key_mismatch ... ok
test lanes::revocation::tests::tampered_signature_is_rejected_bad_signature ... ok
test lanes::revocation::tests::signer_pinned_to_other_endpoint_is_rejected ... ok
test lanes::revocation::tests::request_manifest_catchup_over_iroh_returns_published_manifest ... ok
test metrics::tests::directory_reload_fail_closed_outcome_is_counted ... ok
test metrics::tests::record_and_render_round_trip ... ok
test metrics::tests::registry_constants_match_spec ... ok
test metrics::tests::render_emits_the_reload_and_liveness_series ... ok
test metrics::tests::router_alive_gauge_reflects_liveness ... ok
test lanes::revocation::tests::unbound_endpoint_is_rejected_at_the_gate ... ok
test lanes::revocation::tests::unpinned_signer_id_is_rejected ... ok
test lanes::bilateral::tests::saturated_concurrency_cap_sheds_an_additional_dialer_over_quic ... ok
test lanes::revocation::tests::client_read_bound_drops_an_authority_that_never_replies ... ok
test lanes::pheromone::tests::loser_path_rejects_recovered_verdict_from_a_different_sender ... ok
test lanes::pheromone::tests::per_peer_cap_one_still_admits_a_single_dialer ... FAILED
test lanes::pheromone::tests::real_verifier_accepts_admitted_senders_own_batch_over_quic ... FAILED
test lanes::pheromone::tests::real_verifier_rejects_batch_whose_author_is_not_the_authenticated_sender_over_quic ... FAILED
test lanes::pheromone::tests::verdict_recovery_converges_after_commit_before_record_crash ... FAILED
test lanes::pheromone::tests::winner_path_adopts_durable_verdict_after_commit_before_mark_crash ... FAILED
test lanes::pheromone::tests::winner_path_rejects_recovered_verdict_from_a_different_sender ... FAILED

failures:

---- lanes::pheromone::tests::admitted_dialer_batch_accepted_over_quic stdout ----

thread 'lanes::pheromone::tests::admitted_dialer_batch_accepted_over_quic' (3428739) panicked at crates/trust/chio-federation-transport-iroh/src/lanes/pheromone.rs:1799:10:
admitted dialer delivers its batch: Relay(BodyHashMismatch("delivery report does not bind the complete sent batch"))
note: run with `RUST_BACKTRACE=1` environment variable to display a backtrace

---- lanes::pheromone::tests::per_peer_cap_one_still_admits_a_single_dialer stdout ----

thread 'lanes::pheromone::tests::per_peer_cap_one_still_admits_a_single_dialer' (3428757) panicked at crates/trust/chio-federation-transport-iroh/src/lanes/pheromone.rs:2448:10:
a per-peer cap of 1 still admits a single dialer: Relay(BodyHashMismatch("delivery report does not bind the complete sent batch"))

---- lanes::pheromone::tests::real_verifier_accepts_admitted_senders_own_batch_over_quic stdout ----

thread 'lanes::pheromone::tests::real_verifier_accepts_admitted_senders_own_batch_over_quic' (3428760) panicked at crates/trust/chio-federation-transport-iroh/src/lanes/pheromone.rs:2577:10:
delivery round-trips: Relay(BodyHashMismatch("delivery report does not bind the complete sent batch"))

---- lanes::pheromone::tests::real_verifier_rejects_batch_whose_author_is_not_the_authenticated_sender_over_quic stdout ----

thread 'lanes::pheromone::tests::real_verifier_rejects_batch_whose_author_is_not_the_authenticated_sender_over_quic' (3428761) panicked at crates/trust/chio-federation-transport-iroh/src/lanes/pheromone.rs:2609:10:
delivery round-trips: Relay(BodyHashMismatch("delivery report does not bind the complete sent batch"))

---- lanes::pheromone::tests::verdict_recovery_converges_after_commit_before_record_crash stdout ----

thread 'lanes::pheromone::tests::verdict_recovery_converges_after_commit_before_record_crash' (3428776) panicked at crates/trust/chio-federation-transport-iroh/src/lanes/pheromone.rs:1998:10:
loser path recovers the durable verdict and returns it: Relay(BodyHashMismatch("delivery report does not bind the complete sent batch"))

---- lanes::pheromone::tests::winner_path_adopts_durable_verdict_after_commit_before_mark_crash stdout ----

thread 'lanes::pheromone::tests::winner_path_adopts_durable_verdict_after_commit_before_mark_crash' (3428778) panicked at crates/trust/chio-federation-transport-iroh/src/lanes/pheromone.rs:2120:10:
the winner path adopts the durable verdict (never re-runs receive_batch): Relay(BodyHashMismatch("delivery report does not bind the complete sent batch"))

---- lanes::pheromone::tests::winner_path_rejects_recovered_verdict_from_a_different_sender stdout ----

thread 'lanes::pheromone::tests::winner_path_rejects_recovered_verdict_from_a_different_sender' (3428779) panicked at crates/trust/chio-federation-transport-iroh/src/lanes/pheromone.rs:2277:10:
the scoped winner path returns the fresh verdict, not the cross-sender one: Relay(BodyHashMismatch("delivery report does not bind the complete sent batch"))


failures:
    lanes::pheromone::tests::admitted_dialer_batch_accepted_over_quic
    lanes::pheromone::tests::per_peer_cap_one_still_admits_a_single_dialer
    lanes::pheromone::tests::real_verifier_accepts_admitted_senders_own_batch_over_quic
    lanes::pheromone::tests::real_verifier_rejects_batch_whose_author_is_not_the_authenticated_sender_over_quic
    lanes::pheromone::tests::verdict_recovery_converges_after_commit_before_record_crash
    lanes::pheromone::tests::winner_path_adopts_durable_verdict_after_commit_before_mark_crash
    lanes::pheromone::tests::winner_path_rejects_recovered_verdict_from_a_different_sender

test result: FAILED. 172 passed; 7 failed; 0 ignored; 0 measured; 0 filtered out; finished in 7.06s

error: test failed, to rerun pass `-p chio-federation-transport-iroh --lib`
     Running unittests src/lib.rs (/home/connor/chio-security-target-6d-final/debug/deps/chio_finding_challenge-81a1451d2c54d226)

running 1 test
test receipts::tests::authority_policy_excludes_its_expiration_boundary ... ok

test result: ok. 1 passed; 0 failed; 0 ignored; 0 measured; 0 filtered out; finished in 0.00s

     Running tests/admission.rs (/home/connor/chio-security-target-6d-final/debug/deps/admission-a04773d501d94d30)

running 31 tests
test authority_status_signer_must_be_independent_from_governance ... ok
test purchase_authority_must_be_independent_from_evidence_roles ... ok
test a_venue_audit_must_verify_under_the_pinned_audit_authority ... ok
test evaluation_cannot_predate_the_signed_filing ... ok
test standing_must_be_signed_by_the_profiles_purchase_authority ... ok
test a_backdated_purchase_record_cannot_borrow_a_later_settlement_receipt ... ok
test evidence_from_another_class_is_inadmissible ... ok
test receipt_signers_must_be_independent_from_checkpoint_signers ... ok
test compromised_purchase_authority_cannot_rewrite_buyer_payout ... ok
test a_self_consistent_retired_profile_cannot_replace_the_admitted_profile ... ok
test a_venue_audit_key_cannot_select_an_undrawn_listing ... ok
test standing_must_be_the_record_the_challenge_names ... ok
test standing_must_belong_to_the_challenger ... ok
test standing_must_settle_under_the_challenged_admission ... ok
test standing_must_settle_the_challenged_listing ... ok
test standing_must_settle_under_the_challenged_backing ... ok
test standing_uses_the_exact_admission_purchase_authority_after_rotation ... ok
test the_reason_vocabulary_partitions_the_three_verdicts ... ok
test the_finding_artifact_must_verify_as_its_issuer_signed_it ... ok
test standing_requires_fresh_purchase_authority_status ... ok
test the_profile_body_must_name_the_pinned_governance_root ... ok
test the_profile_must_verify_under_the_pinned_governance_root ... ok
test the_profile_requires_governance_status_covering_issuance ... ok
test the_raw_finding_must_be_its_own_canonical_serialization ... ok
test venue_audit_epoch_must_match_the_admission_fee_schedule ... ok
test the_profile_requires_its_matching_live_retained_governance_policy ... ok
test standing_must_settle_inside_the_purchase_authority_window ... ok
test standing_must_name_the_purchase_key_the_record_carries ... ok
test standing_must_settle_the_challenged_finding ... ok
test venue_audit_evidence_cannot_select_its_own_trust_roots ... ok
test every_cross_class_pairing_rejects_before_evaluation ... ok

test result: ok. 31 passed; 0 failed; 0 ignored; 0 measured; 0 filtered out; finished in 0.41s

     Running tests/digest_mismatch.rs (/home/connor/chio-security-target-6d-final/debug/deps/digest_mismatch-e53df21f90c6fd27)

running 20 tests
test a_deny_receipt_with_a_broken_action_commitment_is_indeterminate ... ok
test a_matched_overlay_disagreeing_with_the_delivery_contract_is_indeterminate ... ok
test a_denial_signed_outside_the_delivery_role_is_indeterminate ... ok
test a_delivery_that_matched_its_commitment_is_rejected ... ok
test a_matched_comparison_against_an_operator_expectation_is_indeterminate ... ok
test a_media_type_denial_can_never_uphold ... ok
test admission_pinned_failed_delivery_rotation_overrides_the_reusable_profile ... ok
test an_output_policy_transform_denial_can_never_uphold ... ok
test a_generic_digest_denial_can_never_uphold ... ok
test a_venue_audit_may_file_the_same_class ... ok
test a_denial_without_delivery_evidence_is_indeterminate ... ok
test a_receipt_that_is_not_a_denial_is_indeterminate ... ok
test failed_delivery_must_not_predate_its_denial_receipt ... ok
test revoked_delivery_receipt_key_cannot_establish_a_mismatch ... ok
test authenticated_seller_origin_mismatch_upholds ... ok
test an_unresolved_denial_checkpoint_is_indeterminate ... ok
test denial_overlay_must_bind_the_challenged_admission ... ok
test revoked_failed_delivery_authority_cannot_establish_standing ... ok
test failed_delivery_must_bind_the_challenged_admission_and_backing ... ok
test stale_failed_delivery_status_cannot_establish_standing ... ok

test result: ok. 20 passed; 0 failed; 0 ignored; 0 measured; 0 filtered out; finished in 0.08s

     Running tests/evidence_invalid.rs (/home/connor/chio-security-target-6d-final/debug/deps/evidence_invalid-11bbe56cdd11dd09)

running 25 tests
test a_retired_checkpoint_key_cannot_turn_invalid_bytes_into_fraud ... ok
test a_key_proven_revoked_at_publication_upholds ... ok
test an_asserted_finding_has_no_evidence_to_invalidate ... ok
test a_signature_the_log_never_committed_is_indeterminate ... ok
test a_backdated_revocation_published_after_governance_withdrawal_cannot_uphold ... ok
test a_checkpoint_that_is_not_the_venues_own_is_indeterminate ... ok
test a_revocation_of_another_key_does_not_affect_the_challenged_key ... ok
test an_evidence_receipt_that_contradicts_its_own_action_upholds ... ok
test a_key_revoked_only_afterwards_is_indeterminate ... ok
test a_checkpointed_receipt_that_does_not_verify_upholds ... ok
test a_challenge_bound_to_another_findings_artifact_is_inadmissible ... ok
test an_evidence_set_smaller_than_the_contested_subset_is_inadmissible ... ok
test a_revocation_signed_after_governance_compromise_cannot_uphold ... ok
test an_unresolved_checkpoint_is_indeterminate ... ok
test an_invalid_unsigned_inclusion_path_is_indeterminate ... ok
test evidence_signed_outside_the_production_role_is_indeterminate ... ok
test evidence_signed_before_the_production_key_window_is_indeterminate ... ok
test an_inclusion_wrapper_the_checkpoint_disagrees_with_is_indeterminate ... ok
test contesting_a_checkpoint_the_finding_never_named_is_inadmissible ... ok
test authenticated_non_revocation_rejects_a_challenge_to_sound_evidence ... ok
test evidence_created_after_the_finding_issuance_upholds ... ok
test contesting_a_receipt_the_finding_never_named_is_inadmissible ... ok
test production_status_revoked_by_publication_cannot_clear_the_challenge ... ok
test one_unestablished_revocation_outweighs_an_established_one ... ok
test a_revocation_the_profile_does_not_establish_cannot_uphold ... ok

test result: ok. 25 passed; 0 failed; 0 ignored; 0 measured; 0 filtered out; finished in 0.14s

     Running tests/replay_contradiction.rs (/home/connor/chio-security-target-6d-final/debug/deps/replay_contradiction-033239801eee8853)

running 18 tests
test a_finding_without_a_committed_recipe_cannot_be_replay_challenged ... ok
test a_missing_phase_is_indeterminate ... ok
test a_baseline_that_also_passes_contradicts_the_claim ... ok
test a_denied_replay_receipt_cannot_establish_an_execution ... ok
test a_reproduction_signed_by_a_revoked_replay_key_is_indeterminate ... ok
test a_phase_that_did_not_complete_is_indeterminate ... ok
test a_reproduction_signed_outside_the_replay_role_is_indeterminate ... ok
test a_receipt_with_a_broken_action_commitment_is_indeterminate ... ok
test a_reproduction_set_smaller_than_the_challenge_is_inadmissible ... ok
test a_receipt_that_does_not_commit_its_observation_is_indeterminate ... ok
test a_reproduction_that_agrees_with_the_claim_is_rejected ... ok
test a_recipe_preimage_that_is_not_the_committed_one_rejects_before_evaluation ... ok
test a_reproduction_that_contradicts_the_claim_upholds ... ok
test a_reproduction_under_an_uncommitted_environment_is_indeterminate ... ok
test a_runner_error_is_indeterminate_rather_than_a_failed_predicate ... ok
test a_replay_receipt_must_bind_the_committed_invocation ... ok
test a_committed_recipe_must_bind_the_challenged_finding_and_profile ... ok
test the_nested_predicate_mapping_is_total_and_reachable ... ok

test result: ok. 18 passed; 0 failed; 0 ignored; 0 measured; 0 filtered out; finished in 0.12s

     Running unittests src/lib.rs (/home/connor/chio-security-target-6d-final/debug/deps/chio_finding_verifier-090857ae7a734c79)

running 2 tests
test checkpoints::tests::checkpoint_status_authority_must_differ_from_signer ... ok
test checkpoints::tests::strict_checkpoint_signature_rejects_a_weak_ed25519_key ... ok

test result: ok. 2 passed; 0 failed; 0 ignored; 0 measured; 0 filtered out; finished in 0.00s

     Running tests/verifier.rs (/home/connor/chio-security-target-6d-final/debug/deps/verifier-47a4e6277f01351a)

running 81 tests
test authority_regressions::fee_schedule_and_collateral_authorities_must_be_distinct ... ok
test authority_regressions::report_signer_policy_must_cover_the_evaluation_time ... ok
test authority_regressions::backing_accepted_at_or_after_evaluation_is_not_verified ... ok
test authority_regressions::bond_backing_must_bind_the_evaluated_verifier_profile ... ok
test authority_regressions::recipe_preimage_must_fit_its_committed_size_bound ... ok
test authority_regressions::receipts_signed_by_an_unpinned_kernel_are_not_authentic ... ok
test authority_regressions::guarantee_consistency_denies_an_unbacked_metered_claim ... ok
test authority_regressions::backing_signed_by_an_unpinned_authority_is_not_bond_evidence ... ok
test authority_regressions::backing_cannot_be_accepted_before_its_signed_issue_time ... ok
test authority_regressions::bond_backing_requires_live_unrevoked_collateral_authority_standing ... ok
test authority_regressions::recipe_must_bind_the_finding_it_is_committed_by ... ok
test authority_regressions::receipt_and_checkpoint_signers_must_cover_the_evidence_timestamp ... ok
test authority_regressions::revoked_profile_governance_authority_cannot_backdate_a_profile ... ok
test authority_regressions::report_signing_rejects_profile_substitution_even_with_the_same_signer ... ok
test authority_regressions::report_signing_key_must_be_distinct_from_governance_and_evidence ... ok
test authority_regressions::report_signing_copies_the_trust_commitments_used_for_evaluation ... ok
test authority_regressions::runtime_attestation_and_appraisal_authorities_must_be_distinct ... ok
test authority_regressions::verifier_report_and_authority_status_signers_must_be_distinct ... ok
test authority_regressions::unpinned_profile_or_empty_kernel_keys_reject_outright ... ok
test authority_regressions::verifier_report_and_collateral_authorities_must_be_distinct ... ok
test authority_regressions::report_signing_requires_the_profile_authorized_key ... ok
test bond_regressions::listing_requirement_must_include_the_base_finding_stake ... ok
test authority_regressions::verifier_report_and_status_operator_authorities_must_be_distinct ... ok
test authority_regressions::unsupported_profile_requirements_reject_outright ... ok
test checkpoint_equivocation_fails_before_membership ... ok
test authority_regressions::runtime_assurance_requires_live_unrevoked_authority_standing ... ok
test bond_regressions::backing_must_name_the_exact_signed_fee_schedule ... ok
test bond_regressions::bond_ref_must_resolve_through_the_signed_store_snapshot ... ok
test checkpoint_transparency_records_must_match_the_signed_set ... ok
test checkpoint_status_regressions::expired_checkpoint_status_authority_denies_receipts_and_checkpoints ... ok
test bond_regressions::locked_allocation_must_include_the_base_finding_stake ... ok
test bond_regressions::smaller_signed_requirement_cannot_back_larger_sale_exposure ... ok
test checkpoint_status_regressions::revoked_checkpoint_signer_cannot_backdate_new_evidence ... ok
test checkpoint_status_regressions::production_checkpoint_must_predate_the_finding ... ok
test bond_regressions::unsupported_collateral_policy_cannot_qualify_bond_backing ... ok
test bond_regressions::signed_requirement_class_and_currency_must_match_the_allocation ... ok
test checkpoint_status_regressions::expired_checkpoint_signer_cannot_backdate_new_evidence ... ok
test delivery_alone_does_not_verify_production_evidence_facets ... ok
test checkpoint_status_regressions::resolved_nonce_envelopes_change_the_bundle_commitment ... ok
test observed_and_metered_findings_name_their_direct_facet_floors ... ok
test missing_bond_snapshot_is_unavailable_and_denies ... ok
test full_evidence_bundle_verifies_the_required_facets ... ok
test checkpoint_status_regressions::status_non_inclusion_proof_must_not_predate_the_finding ... ok
test failed_optional_facet_denies_the_draft ... ok
test portable_status_proof_rejects_a_clock_different_from_report_evaluation ... ok
test post_purchase_delivery_cannot_predate_the_finding ... ok
test post_purchase_delivery_rejects_a_receipt_after_report_evaluation ... ok
test portable_status_proof_must_bind_the_findings_declared_feed ... ok
test post_purchase_delivery_rejects_an_overlay_for_another_finding ... ok
test post_purchase_delivery_requires_the_signed_execution_nonce ... ok
test post_purchase_delivery_requires_a_finding_specific_overlay ... ok
test portable_status_proof_rejects_revoked_operator_standing ... ok
test portable_status_proof_verifies_and_is_pinned_into_signed_report ... ok
test raw_ingress_rejects_noncanonical_and_oversized_findings ... ok
test production_receipts_cannot_postdate_report_evaluation ... ok
test post_purchase_delivery_is_finding_bound_and_checkpointed_in_the_report ... ok
test post_purchase_delivery_rejects_a_checkpoint_after_report_evaluation ... ok
test production_receipts_cannot_postdate_the_finding ... ok
test production_checkpoints_cannot_postdate_the_finding ... ok
test production_receipts_cannot_postdate_their_checkpoint ... ok
test production_receipts_must_satisfy_the_profile_receipt_semantics ... ok
test production_receipt_semantics_reject_a_nonce_binding_mismatch ... ok
test production_receipt_semantics_require_the_signed_execution_nonce ... ok
test receipt_security_regressions::production_receipt_rejects_self_signed_status ... ok
test receipt_security_regressions::delivery_receipt_rejects_nonce_expired_at_receipt_issuance ... ok
test receipt_security_regressions::missing_delivery_receipt_signer_status_is_rejected ... ok
test receipt_security_regressions::production_receipt_rejects_nonce_expired_at_receipt_issuance ... ok
test report_evaluation_must_be_inside_the_finding_validity_window ... ok
test receipt_security_regressions::production_receipt_rejects_signer_expired_at_evaluation ... ok
test receipt_security_regressions::delivery_receipt_rejects_signer_expired_at_evaluation ... ok
test receipt_security_regressions::delivery_nonce_envelope_changes_the_bundle_commitment ... ok
test receipt_security_regressions::revoked_production_receipt_signer_is_rejected ... ok
test reordered_receipts_fail_the_exact_binding ... ok
test unsigned_collateral_store_state_is_not_verified ... ok
test recipe_digest_mismatch_fails_and_denies_the_deterministic_claim ... ok
test runtime_assurance_rejects_invalid_or_stale_signed_artifacts ... ok
test runtime_assurance_rejects_empty_policy_and_unrelated_signed_evidence ... ok
test resolved_bundle_commitment_includes_status_authorization_and_freshness ... ok
test resolved_bundle_commitment_includes_assurance_artifacts_pins_and_policy ... ok
test wrapper_tampering_fails_membership_on_every_closed_gap ... ok
test signed_runtime_assurance_can_verify_each_claimed_tier ... ok

test result: ok. 81 passed; 0 failed; 0 ignored; 0 measured; 0 filtered out; finished in 0.38s

     Running unittests src/lib.rs (/home/connor/chio-security-target-6d-final/debug/deps/chio_kernel_mobile-9cb1aa7781897c87)

running 2 tests
test clock::tests::mobile_clock_returns_recent_timestamp ... ok
test rng::tests::mobile_rng_fills_buffer_with_plausible_entropy ... ok

test result: ok. 2 passed; 0 failed; 0 ignored; 0 measured; 0 filtered out; finished in 0.00s

     Running tests/cross_ffi_parity.rs (/home/connor/chio-security-target-6d-final/debug/deps/cross_ffi_parity-d884e0acc577efe2)

running 27 tests
test chio_cpp_kernel_ffi::tests::ffi_abi_version_is_two_so_two_arg_clients_fail_closed ... ok
test chio_cpp_kernel_ffi::tests::evaluate_rejects_unsupported_authorization_extensions ... ok
test chio_cpp_kernel_ffi::tests::ffi_sign_receipt_refuses_render_a_sign_b ... ok
test chio_cpp_kernel_ffi::tests::evaluate_reports_invalid_json ... ok
test chio_cpp_kernel_ffi::tests::ffi_sign_receipt_recompute_accepts_matching_content ... ok
test chio_cpp_kernel_ffi::tests::evaluate_denies_out_of_scope_tool ... ok
test chio_cpp_kernel_ffi::tests::evaluate_honors_epoch_zero_clock ... ok
test chio_cpp_kernel_ffi::tests::null_pointer_returns_null_argument_status ... ok
test chio_cpp_kernel_ffi::tests::returned_buffer_can_be_read_modified_and_freed ... ok
test chio_cpp_kernel_ffi::tests::evaluate_rejects_oversubscribed_delegated_sibling ... ok
test chio_cpp_kernel_ffi::tests::evaluate_rejects_empty_trust_root_scope_hash ... ok
test chio_cpp_kernel_ffi::tests::ffi_sign_receipt_relay_signs_without_preimage ... ok
test chio_cpp_kernel_ffi::tests::seed_budget_registry_rejects_blank_parent_token_id ... ok
test chio_cpp_kernel_ffi::tests::evaluate_allows_delegated_token_with_parent_budget_snapshot ... ok
test chio_cpp_kernel_ffi::tests::evaluate_rejects_unnegotiated_approval_set_proposal_and_governed_intent ... ok
test chio_cpp_kernel_ffi::tests::verify_capability_context_rejects_malformed_trust_root_issuer ... ok
test chio_cpp_kernel_ffi::tests::evaluate_allows_matching_capability ... ok
test chio_cpp_kernel_ffi::tests::verify_capability_uses_supplied_time_for_expiration ... ok
test chio_cpp_kernel_ffi::tests::verify_capability_honors_epoch_zero_clock ... ok
test chio_cpp_kernel_ffi::tests::fixed_clock_helpers_preserve_epoch_zero_and_negative_sentinel ... ok
test chio_cpp_kernel_ffi::tests::verify_capability_context_rejects_oversubscribed_delegated_sibling ... ok
test chio_cpp_kernel_ffi::tests::verify_capability_context_allows_delegated_token_with_parent_budget_snapshot ... ok
test chio_cpp_kernel_ffi::tests::verify_passport_honors_epoch_zero_clock ... ok
test chio_cpp_kernel_ffi::tests::evaluate_checks_seconds_to_milliseconds_at_the_clock_boundary ... ok
test mobile_uniffi_and_cpp_c_abi_return_byte_equal_verdicts ... ok
test mobile_and_cpp_enforce_negotiated_aggregate_root_evidence ... ok
test mobile_and_cpp_enforce_negotiated_cumulative_root_evidence ... ok

test result: ok. 27 passed; 0 failed; 0 ignored; 0 measured; 0 filtered out; finished in 0.07s

     Running tests/ffi_roundtrip.rs (/home/connor/chio-security-target-6d-final/debug/deps/ffi_roundtrip-c95cd7c7e12ede0f)

running 31 tests
test attest_app_attest_rejects_bad_challenge_hex ... ok
test evaluate_rejects_malformed_json ... ok
test inspect_mobile_receipt_envelopes_rejects_bad_json ... ok
test inspect_mobile_receipt_envelopes_accepts_known_attestation_platform_shape ... ok
test attest_play_integrity_returns_bound_nonce_envelope ... ok
test attest_app_attest_returns_bound_challenge_envelope ... ok
test sign_receipt_refuses_render_a_sign_b ... ok
test sign_receipt_rejects_bad_seed_hex ... ok
test evaluate_rejects_bad_trusted_hex ... ok
test sign_receipt_rejects_kernel_key_mismatch ... ok
test sign_receipt_rejects_zero_seed ... ok
test evaluate_deny_expired_capability ... ok
test sign_receipt_accepts_empty_preimage_stream_receipt ... ok
test evaluate_rejects_unnegotiated_approval_set_proposal_and_governed_intent ... ok
test sign_receipt_relaying_trusted_body_signs_without_preimage ... ok
test verify_capability_happy_path ... ok
test evaluate_rejects_oversubscribed_delegated_sibling ... ok
test verify_capability_rejects_untrusted_issuer ... ok
test evaluate_allow_roundtrip ... ok
test evaluate_deny_out_of_scope ... ok
test evaluate_rejects_unsupported_authorization_extensions ... ok
test verify_play_integrity_evidence_rejects_bad_jws_fail_closed ... ok
test verify_passport_rejects_bad_issuer_hex ... ok
test verify_passport_rejects_untrusted_issuer ... ok
test sign_receipt_roundtrip_and_verifies ... ok
test evaluate_allows_delegated_token_with_parent_budget_snapshot ... ok
test verify_capability_with_context_rejects_oversubscribed_delegated_sibling ... ok
test verify_passport_happy_path ... ok
test verify_capability_with_context_allows_delegated_token_with_parent_budget_snapshot ... ok
test verify_app_attest_evidence_rejects_malformed_cbor_fail_closed ... ok
test verify_passport_rejects_expired_envelope ... ok

test result: ok. 31 passed; 0 failed; 0 ignored; 0 measured; 0 filtered out; finished in 0.02s

     Running tests/oracle_round_trip.rs (/home/connor/chio-security-target-6d-final/debug/deps/oracle_round_trip-8921ecbaec2aff02)

running 1 test
test ios_and_android_signed_receipts_round_trip_to_hosted_oracle ... ok

test result: ok. 1 passed; 0 failed; 0 ignored; 0 measured; 0 filtered out; finished in 0.01s

     Running unittests src/lib.rs (/home/connor/chio-security-target-6d-final/debug/deps/chio_pheromone_relay-63230f15c17015e5)

running 9 tests
test service::tests::recorded_report_for_batch_defaults_to_none ... ok
test validation::tests::lower_hex_byte_helper_accepts_digest_alphabet_only ... ok
test delivery_report::tests::delivery_acknowledgement_binds_identity_and_complete_verdict ... ok
test store::inbox_lookup_tests::reserve_inbox_slot_is_won_by_exactly_one_concurrent_caller ... ok
test store::inbox_lookup_tests::lookup_inbox_report_returns_stored_report_and_keys_by_sender_nonce ... ok
test store::inbox_lookup_tests::release_inbox_slot_frees_the_slot_for_re_reservation ... ok
test store::inbox_lookup_tests::concurrent_same_batch_receives_exactly_once ... ok
test store::inbox_lookup_tests::corrupt_or_oversized_inbox_cells_cannot_recover_an_acceptance ... ok
test store::inbox_lookup_tests::clear_at_open_preserves_committed_reservations_but_reclaims_pre_commit ... ok

test result: ok. 9 passed; 0 failed; 0 ignored; 0 measured; 0 filtered out; finished in 0.09s

     Running tests/reader_boundaries.rs (/home/connor/chio-security-target-6d-final/debug/deps/reader_boundaries-8db2f06520632c39)

running 1 test
test relay_imports_reject_original_duplicate_keys ... ok

test result: ok. 1 passed; 0 failed; 0 ignored; 0 measured; 0 filtered out; finished in 0.00s

     Running tests/relay.rs (/home/connor/chio-security-target-6d-final/debug/deps/relay-be21cc8916f56e13)

running 43 tests
test archive::relay_alert_assurance_archive_drill_evidence_binds_package_report_identity ... ok
test delivery::relay_alert_assurance_rejects_bad_normalization_inputs ... ok
test alerts::relay_alert_handoff_dry_run_proves_routeable_artifacts_without_delivery ... ok
test alerts::relay_alert_evaluation_routes_degraded_observability_with_bounded_evidence ... ok
test delivery::relay_alert_assurance_normalizes_downstream_evidence ... ok
test delivery::relay_alert_assurance_source_bound_drift_rejects_cross_handoff_masking ... ok
test alerts::relay_alert_evaluation_rejects_secrets_dynamic_urls_and_bad_suppression ... ok
test delivery::relay_alert_delivery_import_binds_downstream_evidence_to_handoff ... ok
test delivery::relay_alert_delivery_acknowledgement_and_drift_reports_are_bounded ... ok
test directory::peer_directory_rejects_duplicate_peer_ids ... ok
test delivery::relay_alert_delivery_rejects_secrets_unbounded_labels_and_mismatches ... ok
test alerts::relay_alert_handoff_rejects_secret_dynamic_and_uncovered_targets ... ok
test directory::peer_directory_rejects_padded_peer_kernel_ids ... ok
test directory::relay_profiles_reject_unsafe_production_endpoints ... ok
test directory::peer_directory_state_promotes_only_continuous_candidates ... ok
test delivery::relay_alert_assurance_package_binds_full_operator_chain ... ok
test directory::signed_peer_directory_bundle_verifies_trust_and_rejects_rollback ... ok
test directory::signed_relay_request_verifies_payload_hash_sender_and_replay_nonce ... ok
test archive::relay_alert_assurance_archive_quarantines_bad_bundle_without_aborting_batch ... ok
test service::public_relay_http_paths_are_chio_native ... ok
test archive::relay_alert_assurance_export_rejects_unsafe_or_untrusted_bundles ... ok
test directory::peer_directory_state_quarantines_removed_peers ... ok
test archive::relay_alert_assurance_export_signs_verifies_replays_and_plans_retention ... ok
test archive::relay_alert_assurance_archive_verifies_before_closeout_review ... ok
test observability::relay_observability_report_summarizes_directory_store_and_bounded_failures ... ok
test delivery::relay_alert_delivery_negative_corpus_cases_are_executable ... ok
test archive::relay_alert_assurance_archive_package_binds_source_reports_and_members ... ok
test service::relay_catchup_rejects_returned_frame_with_unpinned_transit_ladder ... ok
test directory::relay_store_catchup_denies_first_batch_above_frame_limit ... ok
test directory::relay_store_catchup_limit_counts_frames_not_batches ... ok
test service::relay_observability_endpoint_requires_operator_token_when_configured ... ok
test service::relay_trend_report_aggregates_bounded_codes ... ok
test service::relay_catchup_rejects_origin_only_peer_role ... ok
test directory::relay_store_leases_due_batches_and_records_idempotent_inbox ... ok
test service::relay_rejects_authenticated_batch_above_peer_frame_limit ... ok
test service::relay_metrics_endpoint_appends_extra_metrics_hook_only_when_set ... ok
test service::relay_rejects_authenticated_batch_from_non_origin_peer_role ... ok
test service::relay_rejects_authenticated_batch_with_unpinned_transit_ladder ... ok
test service::relay_rejects_authenticated_batch_for_unsubscribed_treaty ... ok
test service::loopback_http_delivery_posts_signed_batch_to_receiver ... ok
test service::relay_tick_delivers_leased_batches_with_real_request_signature ... ok
test service::relay_tick_rejects_recipient_without_receiver_role_before_delivery ... ok
test service::relay_tick_rechecks_recipient_scope_before_delivery ... ok

test result: ok. 43 passed; 0 failed; 0 ignored; 0 measured; 0 filtered out; finished in 0.19s

     Running unittests src/lib.rs (/home/connor/chio-security-target-6d-final/debug/deps/chio_pheromone_runtime-e3be899dc39e8ecd)

running 5 tests
test store::tests::storage_commit_error_helper_selects_only_storage_failures ... ok
test store::tests::recovery_prefers_the_committed_acceptance_over_a_later_replay_rejection ... ok
test store::tests::receive_report_is_recoverable_by_batch_sha256 ... ok
test store::tests::recovery_prefers_a_committed_partial_over_a_later_replay_rejection ... ok
test store::tests::receive_report_lookup_is_scoped_to_the_authenticated_sender ... ok

test result: ok. 5 passed; 0 failed; 0 ignored; 0 measured; 0 filtered out; finished in 0.01s

     Running tests/public_surface.rs (/home/connor/chio-security-target-6d-final/debug/deps/public_surface-2a4b2ca84c79d34b)

running 2 tests
test chio_pheromone_runtime_exposes_chio_named_workflow_resolver ... ok
test chio_pheromone_runtime_workflow_verification_error_is_chio_owned ... ok

test result: ok. 2 passed; 0 failed; 0 ignored; 0 measured; 0 filtered out; finished in 0.00s

     Running tests/runtime_receiver.rs (/home/connor/chio-security-target-6d-final/debug/deps/runtime_receiver-10421685360cdf48)

running 29 tests
test policy_and_weight_imports_reject_duplicates_before_schema_or_signature_projection ... ok
test peer_weights_loader_rejects_duplicate_kernel_ids ... ok
test peer_weights_loader_rejects_unknown_fields_before_serde ... ok
test runtime_policy_loader_rejects_boolean_trust_floor_entries ... ok
test runtime_policy_loader_rejects_empty_scarcity_policy_material ... ok
test runtime_policy_loader_reads_explicit_scarcity_policy ... ok
test runtime_policy_loader_rejects_missing_scarcity_hash_material_before_serde ... ok
test runtime_policy_loader_rejects_missing_scarcity_policy_before_serde_defaults ... ok
test runtime_policy_loader_rejects_missing_newcomer_horizon_before_serde_default ... ok
test runtime_policy_loader_rejects_missing_active_reputation_epoch_before_serde ... ok
test runtime_policy_loader_rejects_overlapping_scarcity_windows ... ok
test runtime_policy_loader_rejects_self_authorized_policy_signer ... ok
test runtime_policy_loader_rejects_untrusted_policy_signer ... ok
test runtime_policy_loader_rejects_tampered_signed_policy_envelope ... ok
test runtime_policy_loader_rejects_tampered_runtime_policy_hash_binding ... ok
test runtime_policy_loader_rejects_unknown_admission_fields_before_serde ... ok
test runtime_policy_loader_rejects_unsigned_policy_document ... ok
test sqlite_scarcity_buckets_are_window_and_treaty_scoped ... ok
test receiver_rejects_relay_frame_without_receiver_pinned_ladder_refs ... ok
test mixed_batch_reports_partial_and_invalid_frame_consumes_no_admission_state ... ok
test concentration_query_rejects_bad_weights_and_unknown_epoch ... ok
test receiver_accepts_fixture_and_persists_report ... ok
test receiver_burns_only_the_frame_treaty_scarcity_bucket ... ok
test storage_commit_failure_is_reported_without_accepting_frame ... ok
test concentration_query_uses_persisted_passport_history_after_restart ... ok
test unscoped_store_default_cannot_accept_live_receive ... ok
test sqlite_receive_rolls_back_accepted_state_when_report_persistence_fails ... ok
test workflow_context_mismatch_is_rejected_before_storage ... ok
test replay_nonce_survives_store_reopen ... ok

test result: ok. 29 passed; 0 failed; 0 ignored; 0 measured; 0 filtered out; finished in 0.82s

     Running unittests src/lib.rs (/home/connor/chio-security-target-6d-final/debug/deps/chio_replay_corpus-499e31528ad8f7dc)

running 5 tests
test fixture_writer::tests::io_error_helper_preserves_path_and_kind ... ok
test fixture_writer::tests::refuses_existing_non_fixture_directory_shape ... ok
test fixture_writer::tests::rejects_parent_dir_components_that_change_target_directory ... ok
test fixture_writer::tests::root_matches_receipts_without_final_lf_plus_checkpoint ... ok
test fixture_writer::tests::writes_fixture_shape_and_strips_capture_only_fields ... ok

test result: ok. 5 passed; 0 failed; 0 ignored; 0 measured; 0 filtered out; finished in 0.06s

     Running tests/audit_log_entry.rs (/home/connor/chio-security-target-6d-final/debug/deps/audit_log_entry-80c2c0bed19d8d32)

running 4 tests
test tee_bless_audit_signing_rejects_malformed_receipts_root ... ok
test tee_bless_audit_signing_rejects_zero_capture_counts ... ok
test tee_bless_audit_signing_rejects_blank_operator_identity ... ok
test tee_bless_audit_event_records_required_fields_and_verifies_signature ... ok

test result: ok. 4 passed; 0 failed; 0 ignored; 0 measured; 0 filtered out; finished in 0.06s

     Running tests/dedupe_lastwins.rs (/home/connor/chio-security-target-6d-final/debug/deps/dedupe_lastwins-f126b93aaa798caa)

running 1 test
test canonical_invocation_hash_uses_last_wins ... ok

test result: ok. 1 passed; 0 failed; 0 ignored; 0 measured; 0 filtered out; finished in 0.00s

     Running tests/e2e_bless_to_replay_gate.rs (/home/connor/chio-security-target-6d-final/debug/deps/e2e_bless_to_replay_gate-25f267bae5c3c81d)

running 1 test
test capture_redact_dedupe_bless_writes_replay_gate_shape ... ok

test result: ok. 1 passed; 0 failed; 0 ignored; 0 measured; 0 filtered out; finished in 0.06s

     Running tests/reredact_stable.rs (/home/connor/chio-security-target-6d-final/debug/deps/reredact_stable-a2943e52339210e1)

running 1 test
test default_reredaction_is_stable_for_fixture_blessing ... ok

test result: ok. 1 passed; 0 failed; 0 ignored; 0 measured; 0 filtered out; finished in 0.04s

     Running unittests src/lib.rs (/home/connor/chio-security-target-6d-final/debug/deps/chio_reputation-83681b292cbeb464)

running 50 tests
test feed::tests::min_delta_returns_min ... ok
test feed::tests::compose_deltas_returns_max ... ok
test feed::tests::from_value_clamps_above_max ... ok
test feed::tests::min_delta_empty_is_none ... ok
test feed::tests::compose_deltas_empty_is_none ... ok
test feeds::arena_survival::tests::deterministic_under_repeated_calls ... ok
test feeds::arena_survival::tests::full_survival_yields_max_delta ... ok
test feed::tests::from_value_rejects_negative ... ok
test feed::tests::from_value_rejects_non_finite ... ok
test feeds::arena_survival::tests::empty_observation_yields_zero_delta ... ok
test feeds::arena_survival::tests::malformed_survived_clamps_to_entered ... ok
test feeds::arena_survival::tests::partial_survival_yields_proportional_delta ... ok
test feeds::arena_survival::tests::zero_entered_in_one_outcome_is_skipped ... ok
test feeds::cross_provider_equality::tests::deterministic_under_repeated_calls ... ok
test feeds::cross_provider_equality::tests::empty_observation_yields_zero_delta ... ok
test feeds::cross_provider_equality::tests::no_eligible_cases_yields_zero_delta ... ok
test feeds::cross_provider_equality::tests::partial_agreement_yields_proportional_delta ... ok
test feeds::cross_provider_equality::tests::single_provider_case_is_skipped ... ok
test feeds::cross_provider_equality::tests::unanimous_agreement_yields_max_delta ... ok
test tests::metric_value_clamps_inputs ... ok
test tests::reputation_config_builder_accepts_str_and_string ... ok
test tests::orphan_child_grant_is_not_counted_as_reduced ... ok
test imported_trust_tests::imported_signal_rejects_network_cleared_requirement_for_bilateral_share ... ok
test imported_trust_tests::imported_signal_rejects_non_monotonic_import_timestamps ... ok
test imported_trust_tests::imported_signal_exposes_first_class_identity_and_mode ... ok
test tests::expanded_child_operations_are_not_counted_as_reduced ... ok
test tests::capability_lineage_record_parses_scope_json ... ok
test tests::reputation_config_builder_drops_blank_or_padded_trusted_keys ... ok
test imported_trust_tests::imported_signal_rejects_disallowed_signer_identity ... ok
test tests::empty_trusted_keys_emits_warning_once_on_integrity_check ... ok
test tests::reputation_config_builder_populates_trusted_keys ... ok
test tests::reputation_config_builder_with_empty_iter_remains_fail_closed ... ok
test tests::populated_trusted_keys_validate_signed_receipt ... ok
test imported_trust_tests::imported_signal_rejects_ambiguous_identity_material ... ok
test tests::reputation_config_default_is_fail_closed_on_empty_trust_set ... ok
test tier::tests::at_tier_1_threshold ... ok
test tier::tests::below_tier_1_is_tier_0 ... ok
test tier::tests::at_tier_2_threshold ... ok
test tier::tests::three_deltas_two_feeds_reach_tier_3 ... ok
test tier::tests::single_feed_input_cannot_reach_tier_3 ... ok
test tier::tests::tier_strings_are_stable ... ok
test tier::tests::tier_threshold_table_round_trip ... ok
test tier::tests::one_strong_feed_alone_cannot_reach_tier_3 ... ok
test tier::tests::satisfies_floor_is_transitive ... ok
test tier::tests::empty_deltas_default_to_tier_0 ... ok
test tier::tests::multiple_deltas_same_feed_cannot_reach_tier_3 ... ok
test tier::tests::distinct_feed_count_dedupes_repeated_feed_ids ... ok
test tests::scope_reduction_detects_narrower_constraints ... ok
test tier::tier3_gate_tests::tier3_helper_requires_score_floor_per_feed_floor_and_two_feeds ... ok
test tier::tests::two_strong_feeds_reach_tier_3 ... ok

test result: ok. 50 passed; 0 failed; 0 ignored; 0 measured; 0 filtered out; finished in 0.02s

     Running tests/feed_monotonicity.rs (/home/connor/chio-security-target-6d-final/debug/deps/feed_monotonicity-0a2ad76de8ae9587)

running 7 tests
test empty_inputs_always_tier_0 ... ok
test tier_is_monotonic_when_a_single_delta_is_raised ... ok
test same_feed_id_repeated_never_reaches_tier_3 ... ok
test arena_survival_raising_survived_is_monotonic ... ok
test arena_survival_added_full_rounds_are_monotonic ... ok
test cross_provider_equality_replacing_disagreement_is_monotonic ... ok
test cross_provider_equality_added_agreement_cases_are_monotonic ... ok

test result: ok. 7 passed; 0 failed; 0 ignored; 0 measured; 0 filtered out; finished in 0.07s

     Running tests/local_reputation.rs (/home/connor/chio-security-target-6d-final/debug/deps/local_reputation-d2694afeda8771be)

running 4 tests
test expanded_child_grants_do_not_score_as_reductions ... ok
test structural_delegation_hygiene_scores_attenuating_delegator_above_passthrough ... ok
test local_scorecard_renormalizes_when_incidents_are_unavailable ... ok
test mature_agent_scores_above_concerning_agent ... ok

test result: ok. 4 passed; 0 failed; 0 ignored; 0 measured; 0 filtered out; finished in 0.01s

     Running unittests src/lib.rs (/home/connor/chio-security-target-6d-final/debug/deps/chio_signing_remote-92100997c3291e76)

running 8 tests
test tests::production_remote_signer_requires_https ... ok
test tests::remote_response_rejects_duplicate_and_lossy_original_fields ... ok
test tests::generic_http_signer_rejects_response_substitution ... ok
test tests::generic_http_key_preflight_rejects_wrong_version ... ok
test tests::vault_key_probe_rejects_a_different_public_key ... ok
test tests::generic_http_key_preflight_requires_exact_pin ... ok
test tests::generic_http_signer_verifies_exact_bytes_and_binding ... ok
test tests::vault_signer_pins_version_and_verifies_signature ... ok

test result: ok. 8 passed; 0 failed; 0 ignored; 0 measured; 0 filtered out; finished in 0.01s

     Running unittests src/lib.rs (/home/connor/chio-security-target-6d-final/debug/deps/chio_tee-5de3f6fe5baf9cb3)

running 52 tests
test buffer::tests::debug_redacts_plaintext_bytes ... ok
test buffer::tests::is_empty_reports_correctly ... ok
test capture::tests::rfc3339_has_millis_and_z ... ok
test buffer::tests::new_round_trips_bytes ... ok
test buffer::tests::manual_zeroize_clears_bytes ... ok
test capture::tests::event_id_timestamp_prefix_is_sortable ... ok
test buffer::tests::from_slice_copies_bytes ... ok
test config::tests::env_parse_empty_is_none ... ok
test capture::tests::writer_rejects_path_traversal_run_id ... ok
test config::tests::env_parse_invalid ... ok
test config::tests::env_parse_unset ... ok
test capture::tests::event_id_is_26_char_crockford ... ok
test config::tests::env_parse_valid ... ok
test config::tests::optional_config_reader_returns_none_for_missing_and_contents_for_present_file ... ok
test buffer::tests::implements_zeroize_on_drop ... ok
test capture::tests::writer_appends_one_frame_per_line ... ok
test capture::tests::signed_frame_verifies_under_public_key ... ok
test capture::tests::signed_frame_rejects_wrong_key ... ok
test config::tests::toml_parse_missing_table ... ok
test config::tests::tenant_rejects_unknown_key_in_tee_table ... ok
test config::tests::toml_parse_table ... ok
test config::tests::tenant_parse_table ... ok
test config::tests::toml_accepts_documented_deployment_fields ... ok
test config::tests::toml_rejects_typo_in_tee_table_key ... ok
test config::tests::toml_rejects_unknown_key_in_tee_table ... ok
test config::tests::toml_top_level_remains_permissive ... ok
test frame::tests::bridge_exposes_schema_constants ... ok
test frame::tests::bridge_surfaces_frame_error ... ok
test mode::tests::downgrade_is_unconditional ... ok
test mode::tests::mode_default_is_verdict_only ... ok
test mode::tests::mode_lattice_ordering ... ok
test mode::tests::mode_round_trip_str ... ok
test mode::tests::no_op_transition_succeeds ... ok
test mode::tests::resolver_default_when_empty ... ok
test mode::tests::unknown_tag_is_rejected ... ok
test mode::tests::upgrade_rejects_empty_capability_string ... ok
test mode::tests::upgrade_rejects_whitespace_only_capability_string ... ok
test mode::tests::upgrade_requires_capability ... ok
test frame::tests::bridge_re_exports_round_trip ... ok
test runner::tests::sanitize_identifier_enforces_leading_letter ... ok
test tap::tests::before_then_after_records_in_call_order ... ok
test tap::tests::errors_propagate_to_caller ... ok
test tap::tests::tap_is_dyn_compatible_and_carries_name ... ok
test tap::tests::multi_call_accumulation_preserves_order ... ok
test runner::tests::rejected_observation_never_reaches_capture ... ok
test redact::tests::default_pass_returns_redacted_bytes ... ok
test redact::tests::paranoid_does_not_trip_when_matches_present ... ok
test runner::tests::enforce_mode_allows_clean_verdict ... ok
test runner::tests::frames_verify_under_tenant_public_key ... ok
test runner::tests::shadow_mode_sets_would_have_blocked_on_deny ... ok
test runner::tests::verdict_only_capture_writes_allow_frame ... ok
test runner::tests::enforce_mode_rejects_blocking_verdict ... ok

test result: ok. 52 passed; 0 failed; 0 ignored; 0 measured; 0 filtered out; finished in 0.06s

     Running unittests src/main.rs (/home/connor/chio-security-target-6d-final/debug/deps/chio_tee-fd01e3c56596f97d)

running 0 tests

test result: ok. 0 passed; 0 failed; 0 ignored; 0 measured; 0 filtered out; finished in 0.00s

     Running tests/cli.rs (/home/connor/chio-security-target-6d-final/debug/deps/cli-a7edced3018f31cf)

running 5 tests
test help_exits_successfully_and_is_image_smoke_safe ... ok
test run_without_runtime_dir_fails_closed ... ok
test missing_command_fails_closed ... ok
test run_captures_signed_redacted_frames_end_to_end ... ok
test run_capture_feeds_the_replay_bless_consumer_shape ... ok

test result: ok. 5 passed; 0 failed; 0 ignored; 0 measured; 0 filtered out; finished in 0.09s

     Running tests/mode_precedence.rs (/home/connor/chio-security-target-6d-final/debug/deps/mode_precedence-053c6940c2fd7d59)

running 10 tests
test env_only_resolves_to_env_value ... ok
test no_layers_resolves_to_default_verdict_only ... ok
test toml_uses_default_when_layer_present_but_table_empty ... ok
test sigusr1_toggle_upgrade_requires_capability ... ok
test toml_only_resolves_to_toml_value ... ok
test tenant_only_resolves_to_tenant_value ... ok
test sigusr1_toggle_downgrade_unconditional ... ok
test env_overrides_toml_overrides_manifest ... ok
test sigusr1_toggle_round_trip_off_to_shadow_to_off ... ok
test invalid_env_value_rejected_at_parse_time ... ok

test result: ok. 10 passed; 0 failed; 0 ignored; 0 measured; 0 filtered out; finished in 0.01s

     Running tests/persistence_blob_encryption.rs (/home/connor/chio-security-target-6d-final/debug/deps/persistence_blob_encryption-dc81cc0b66ba7158)

running 2 tests
test spool_keeps_multiple_provider_fixtures_tenant_scoped ... ok
test spool_persists_fixture_payloads_encrypted_at_rest ... ok

test result: ok. 2 passed; 0 failed; 0 ignored; 0 measured; 0 filtered out; finished in 0.08s

     Running tests/redact_determinism.rs (/home/connor/chio-security-target-6d-final/debug/deps/redact_determinism-674088104e746c64)

running 1 test
test redaction_is_deterministic_for_payload_and_classes ... ok

test result: ok. 1 passed; 0 failed; 0 ignored; 0 measured; 0 filtered out; finished in 1.04s

     Running tests/redact_failclosed.rs (/home/connor/chio-security-target-6d-final/debug/deps/redact_failclosed-6ee98c6832990e86)

running 6 tests
test raw_payload_buffer_implements_zeroize_on_drop ... ok
test paranoid_refuses_zero_match_on_large_payload ... ok
test paranoid_does_not_refuse_at_threshold_boundary ... ok
test paranoid_off_allows_zero_match_on_large_payload ... ok
test fail_closed_when_redactor_returns_err ... ok
test returns_ok_when_redactor_succeeds ... ok

test result: ok. 6 passed; 0 failed; 0 ignored; 0 measured; 0 filtered out; finished in 0.04s

     Running tests/spool_backpressure.rs (/home/connor/chio-security-target-6d-final/debug/deps/spool_backpressure-e42f3bf0b8bf11ea)

running 1 test
test synthetic_stream_drops_after_eighty_percent_spool_fill_without_crashing ... ok

test result: ok. 1 passed; 0 failed; 0 ignored; 0 measured; 0 filtered out; finished in 10.61s

     Running unittests src/lib.rs (/home/connor/chio-security-target-6d-final/debug/deps/chio_tee_frame-6203de34082006bc)

running 24 tests
test frame::tests::round_trip_canonicalize_parse ... ok
test frame::tests::canonicalize_is_idempotent ... ok
test frame::tests::parse_rejects_unknown_field ... ok
test schema::tests::deny_reason_rejects_uppercase ... ok
test frame::tests::canonicalize_uses_sorted_keys ... ok
test schema::tests::allow_forbids_deny_reason ... ok
test schema::tests::event_id_rejects_lowercase ... ok
test schema::tests::deny_requires_deny_reason ... ok
test schema::tests::deny_reason_namespaced ... ok
test frame::tests::parse_rejects_bad_event_id ... ok
test schema::tests::schema_version_must_be_one ... ok
test schema::tests::timestamp_must_have_millis ... ok
test schema::tests::tenant_sig_requires_ed25519_prefix ... ok
test schema::tests::event_id_rejects_excluded_letters ... ok
test schema::tests::tee_id_rejects_leading_dash ... ok
test schema::tests::lower_hex_len_accepts_only_exact_lowercase_ascii_hex ... ok
test schema::tests::invocation_must_be_json_object ... ok
test schema::tests::signed_validation_rejects_wrong_key ... ok
test schema::tests::good_frame_validates ... ok
test schema::tests::signed_validation_accepts_valid_signature ... ok
test schema::tests::timestamp_must_parse_as_real_rfc3339 ... ok
test schema::tests::upstream_system_from_str_round_trips ... ok
test schema::tests::signed_validation_rejects_tampered_body ... ok
test frame::tests::frame_preserves_native_invocation_and_rejects_nested_duplicates ... ok

test result: ok. 24 passed; 0 failed; 0 ignored; 0 measured; 0 filtered out; finished in 0.02s

     Running tests/property_roundtrip.rs (/home/connor/chio-security-target-6d-final/debug/deps/property_roundtrip-995875e97fa5b5be)

running 2 tests
test canonicalize_is_idempotent ... ok
test canonicalize_parse_round_trips ... ok

test result: ok. 2 passed; 0 failed; 0 ignored; 0 measured; 0 filtered out; finished in 0.20s

     Running unittests src/lib.rs (/home/connor/chio-security-target-6d-final/debug/deps/chio_weights-c15ff9bea19f26a7)

running 31 tests
test bundle::tests::verify_rejects_when_underlying_verifier_rejects ... ok
test bundle::tests::verify_rejects_expired_card_even_if_bundle_verifies ... ok
test bundle::tests::verify_rejects_card_issuer_mismatch ... ok
test bundle::tests::verify_passes_through_to_underlying_verifier ... ok
test card::tests::allowed_capability_set_covers_subset ... ok
test card::tests::banned_tools_intersects_detects_overlap ... ok
test card::tests::from_canonical_json_rejects_duplicate_set_entries ... ok
test card::tests::canonical_round_trip_is_byte_stable ... ok
test card::tests::from_canonical_json_rejects_empty_set_entries ... ok
test card::tests::lowercase_sha256_hex_helper_accepts_only_exact_lowercase_digest ... ok
test card::tests::from_canonical_json_rejects_unknown_fields ... ok
test card::tests::new_rejects_blank_or_padded_set_entries ... ok
test card::tests::from_canonical_json_rejects_noncanonical_whitespace ... ok
test card::tests::validate_rejects_blank_or_padded_required_text_fields ... ok
test card::tests::validate_rejects_empty_training_data_class ... ok
test card::tests::validate_rejects_expires_before_issued ... ok
test card::tests::validate_rejects_uppercase_weights_hash ... ok
test bundle::tests::verify_rejects_malformed_card_bytes ... FAILED
test lineage::tests::anchor_digest_is_deterministic_across_runs ... ok
test card::tests::new_rejects_empty_set_entries ... ok
test card::tests::weights_hash_of_matches_known_vector ... ok
test lineage::tests::verify_rejects_tampered_attestation_metadata ... ok
test card::tests::require_live_rejects_expired_card ... ok
test lineage::tests::verify_rejects_tampered_card_metadata ... ok
test lineage::tests::anchor_signed_state_with_malformed_payload_is_unsigned ... ok
test lineage::tests::verify_rejects_wrong_schema_version ... ok
test lineage::tests::anchor_records_signer_hint ... ok
test lineage::tests::verify_rejects_tampered_digest ... ok
test lineage::tests::anchor_round_trips_unsigned ... ok
test card::tests::validate_rejects_short_weights_hash ... ok
test lineage::tests::anchor_rejects_stale_bytes ... ok

failures:

---- bundle::tests::verify_rejects_malformed_card_bytes stdout ----

thread 'bundle::tests::verify_rejects_malformed_card_bytes' (3429679) panicked at crates/trust/chio-weights/src/bundle.rs:342:9:
assertion failed: matches!(res, Err(WeightsError::Encoding(_)))
note: run with `RUST_BACKTRACE=1` environment variable to display a backtrace


failures:
    bundle::tests::verify_rejects_malformed_card_bytes

test result: FAILED. 30 passed; 1 failed; 0 ignored; 0 measured; 0 filtered out; finished in 0.00s

error: test failed, to rerun pass `-p chio-weights --lib`
     Running tests/bundle_verify.rs (/home/connor/chio-security-target-6d-final/debug/deps/bundle_verify-74480d6b82cc22ff)

running 6 tests
test verify_byte_pins_artifact_pass_through ... ok
test verify_propagates_identity_mismatch ... ok
test verify_propagates_signature_mismatch ... ok
test verify_rejects_expired_card_after_bundle_verifies ... ok
test verify_returns_attestation_alongside_card ... ok
test verify_rejects_malformed_card_bytes ... FAILED

failures:

---- verify_rejects_malformed_card_bytes stdout ----

thread 'verify_rejects_malformed_card_bytes' (3429712) panicked at crates/trust/chio-weights/tests/bundle_verify.rs:189:5:
assertion failed: matches!(err, WeightsError::Encoding(_))
note: run with `RUST_BACKTRACE=1` environment variable to display a backtrace


failures:
    verify_rejects_malformed_card_bytes

test result: FAILED. 5 passed; 1 failed; 0 ignored; 0 measured; 0 filtered out; finished in 0.00s

error: test failed, to rerun pass `-p chio-weights --test bundle_verify`
     Running tests/canonical_json.rs (/home/connor/chio-security-target-6d-final/debug/deps/canonical_json-5d7f529c6eb4ff6f)

running 5 tests
test canonical_json_matches_minimal_golden_vector ... ok
test canonical_json_keys_are_sorted_lexicographically ... ok
test canonical_json_set_arrays_are_sorted_unique ... ok
test canonical_json_has_no_inter_token_whitespace ... ok
test canonical_json_round_trips_through_decode ... ok

test result: ok. 5 passed; 0 failed; 0 ignored; 0 measured; 0 filtered out; finished in 0.00s

     Running tests/equivalence.rs (/home/connor/chio-security-target-6d-final/debug/deps/equivalence-44c0a33b79ca4e51)

running 0 tests

test result: ok. 0 passed; 0 failed; 0 ignored; 0 measured; 0 filtered out; finished in 0.00s

     Running tests/lineage_anchor.rs (/home/connor/chio-security-target-6d-final/debug/deps/lineage_anchor-2978ebaa7f95c126)

running 7 tests
test anchor_artifact_serialises_through_serde_json_round_trip ... ok
test anchor_carries_signed_state_when_signer_present ... ok
test verify_rejects_signed_state_with_malformed_signature_payloads ... ok
test verify_rejects_signed_state_with_unverified_hex_payload ... ok
test published_card_anchor_verifies_round_trip ... ok
test anchor_verifier_rejects_byte_tampered_card ... ok
test verify_rejects_signed_state_with_empty_signature_payload ... ok

test result: ok. 7 passed; 0 failed; 0 ignored; 0 measured; 0 filtered out; finished in 0.00s

   Doc-tests chio_attest_buyer

running 0 tests

test result: ok. 0 passed; 0 failed; 0 ignored; 0 measured; 0 filtered out; finished in 0.00s

   Doc-tests chio_attest_buyer_core

running 0 tests

test result: ok. 0 passed; 0 failed; 0 ignored; 0 measured; 0 filtered out; finished in 0.00s

   Doc-tests chio_attest_verify

running 0 tests

test result: ok. 0 passed; 0 failed; 0 ignored; 0 measured; 0 filtered out; finished in 0.00s

   Doc-tests chio_core_types

running 0 tests

test result: ok. 0 passed; 0 failed; 0 ignored; 0 measured; 0 filtered out; finished in 0.00s

   Doc-tests chio_credentials

running 0 tests

test result: ok. 0 passed; 0 failed; 0 ignored; 0 measured; 0 filtered out; finished in 0.00s

   Doc-tests chio_custody_hw

running 0 tests

test result: ok. 0 passed; 0 failed; 0 ignored; 0 measured; 0 filtered out; finished in 0.00s

   Doc-tests chio_federation

running 0 tests

test result: ok. 0 passed; 0 failed; 0 ignored; 0 measured; 0 filtered out; finished in 0.00s

   Doc-tests chio_federation_authority

running 5 tests
test crates/trust/chio-federation-authority/src/lib.rs - LocalAuthoritySigningKeysDocument (line 146) - compile fail ... ok
test crates/trust/chio-federation-authority/src/frost_ceremony/sealing.rs - frost_ceremony::sealing::FrostRound2Package (line 80) - compile fail ... ok
test crates/trust/chio-federation-authority/src/frost_ceremony/sealing.rs - frost_ceremony::sealing::FrostRound2Package (line 84) - compile fail ... ok
test crates/trust/chio-federation-authority/src/lib.rs - LocalAuthoritySigningKeysDocument (line 140) - compile fail ... ok
test crates/trust/chio-federation-authority/src/lib.rs - LocalAuthoritySigningKeysDocument (line 132) ... ok

test result: ok. 5 passed; 0 failed; 0 ignored; 0 measured; 0 filtered out; finished in 0.36s

   Doc-tests chio_federation_transport_iroh

running 2 tests
test crates/trust/chio-federation-transport-iroh/src/catchup.rs - catchup::BlobCatchupClient::load (line 233) - compile ... ok
test crates/trust/chio-federation-transport-iroh/src/catchup.rs - catchup::BlobCatchupClient::load (line 246) - compile fail ... ok

test result: ok. 2 passed; 0 failed; 0 ignored; 0 measured; 0 filtered out; finished in 0.20s

   Doc-tests chio_finding_challenge

running 0 tests

test result: ok. 0 passed; 0 failed; 0 ignored; 0 measured; 0 filtered out; finished in 0.00s

   Doc-tests chio_finding_verifier

running 0 tests

test result: ok. 0 passed; 0 failed; 0 ignored; 0 measured; 0 filtered out; finished in 0.00s

   Doc-tests chio_kernel_mobile

running 0 tests

test result: ok. 0 passed; 0 failed; 0 ignored; 0 measured; 0 filtered out; finished in 0.00s

   Doc-tests chio_pheromone_relay

running 0 tests

test result: ok. 0 passed; 0 failed; 0 ignored; 0 measured; 0 filtered out; finished in 0.00s

   Doc-tests chio_pheromone_runtime

running 0 tests

test result: ok. 0 passed; 0 failed; 0 ignored; 0 measured; 0 filtered out; finished in 0.00s

   Doc-tests chio_replay_corpus

running 0 tests

test result: ok. 0 passed; 0 failed; 0 ignored; 0 measured; 0 filtered out; finished in 0.00s

   Doc-tests chio_reputation

running 1 test
test crates/trust/chio-reputation/src/model.rs - ReputationConfig::with_trusted_kernel_keys (line 153) ... ignored

test result: ok. 0 passed; 0 failed; 1 ignored; 0 measured; 0 filtered out; finished in 0.00s

   Doc-tests chio_signing_remote

running 0 tests

test result: ok. 0 passed; 0 failed; 0 ignored; 0 measured; 0 filtered out; finished in 0.00s

   Doc-tests chio_tee

running 0 tests

test result: ok. 0 passed; 0 failed; 0 ignored; 0 measured; 0 filtered out; finished in 0.00s

   Doc-tests chio_tee_frame

running 0 tests

test result: ok. 0 passed; 0 failed; 0 ignored; 0 measured; 0 filtered out; finished in 0.00s

   Doc-tests chio_weights

running 0 tests

test result: ok. 0 passed; 0 failed; 0 ignored; 0 measured; 0 filtered out; finished in 0.00s

error: 6 targets failed:
    `-p chio-attest-buyer-core --lib`
    `-p chio-core-types --test claim_registry_integrity`
    `-p chio-custody-hw --test attestation_play_integrity`
    `-p chio-federation-transport-iroh --lib`
    `-p chio-weights --lib`
    `-p chio-weights --test bundle_verify`
