
running 2 tests
test aggregate_issuance_requires_the_existing_durable_authority ... ok
test authenticated_siblings_share_issued_budget_across_contention_and_restart ... ok

test result: ok. 2 passed; 0 failed; 0 ignored; 0 measured; 0 filtered out; finished in 3.27s


running 10 tests
test subprocess_worker ... ok

running 1 test

running 1 test

running 1 test

running 1 test

running 1 test

running 1 test

running 1 test

running 1 test

running 1 test

running 1 test

running 1 test

running 1 test

running 1 test

running 1 test

running 1 test

running 1 test

running 1 test

running 1 test
test subprocess_worker ... ok

test result: ok. 1 passed; 0 failed; 0 ignored; 0 measured; 9 filtered out; finished in 1.00s

test unknown_effect_is_not_redispatched_after_process_death ... ok
test subprocess_worker ... ok

test result: ok. 1 passed; 0 failed; 0 ignored; 0 measured; 9 filtered out; finished in 1.09s

test unknown_quota_read_keeps_the_original_charge_and_dispatch_identity ... ok
test subprocess_worker ... ok

test result: ok. 1 passed; 0 failed; 0 ignored; 0 measured; 9 filtered out; finished in 1.16s

test known_only_policy_survives_host_death_and_cannot_be_relaxed ... ok
test subprocess_worker ... ok

test result: ok. 1 passed; 0 failed; 0 ignored; 0 measured; 9 filtered out; finished in 1.06s

test read_only_recovery_keeps_the_request_identity_when_a_grant_is_present ... ok
test subprocess_worker ... ok

test result: ok. 1 passed; 0 failed; 0 ignored; 0 measured; 9 filtered out; finished in 1.03s


running 1 test

running 1 test
test subprocess_worker ... ok

test result: ok. 1 passed; 0 failed; 0 ignored; 0 measured; 9 filtered out; finished in 1.03s

test unknown_monetary_read_retains_one_original_payment_hold ... ok
test subprocess_worker ... ok

test result: ok. 1 passed; 0 failed; 0 ignored; 0 measured; 9 filtered out; finished in 1.30s

test unknown_read_only_outcome_is_redispatched_under_a_fresh_request_identity ... ok
test subprocess_worker ... ok

test result: ok. 1 passed; 0 failed; 0 ignored; 0 measured; 9 filtered out; finished in 1.21s

test completed_effect_survives_abrupt_exit_and_a_fresh_os_process ... ok

running 1 test
test subprocess_worker ... ok

test result: ok. 1 passed; 0 failed; 0 ignored; 0 measured; 9 filtered out; finished in 0.99s

test repeatedly_unknown_reads_stop_at_the_third_dispatch ... ok

running 1 test
test subprocess_worker ... ok

test result: ok. 1 passed; 0 failed; 0 ignored; 0 measured; 9 filtered out; finished in 0.91s


running 1 test

running 1 test
test subprocess_worker ... ok

test result: ok. 1 passed; 0 failed; 0 ignored; 0 measured; 9 filtered out; finished in 1.07s


running 1 test

running 1 test
test subprocess_worker ... ok

test result: ok. 1 passed; 0 failed; 0 ignored; 0 measured; 9 filtered out; finished in 1.01s


running 1 test

running 1 test
test subprocess_worker ... ok

test result: ok. 1 passed; 0 failed; 0 ignored; 0 measured; 9 filtered out; finished in 0.86s

test original_artifact_calls_keep_one_dispatch_and_identity_after_host_death ... ok

test result: ok. 10 passed; 0 failed; 0 ignored; 0 measured; 0 filtered out; finished in 18.24s


running 4 tests
test endpoint_worker ... ok
test owner_worker ... ok

running 1 test

running 1 test

running 1 test
{"cut":"hidden_retry","metadata":{"admission_operation":{"compensation_status":"not_compensated","coordinator_lease_epoch":1,"coordinator_lease_id":"01a0fe2d-ff6c-7b72-8efa-dea4c20aae49","operation_id":"9523f9ae089fe09c4277d9d69495bea803967e0da9eb5077dff2a9c8361eb7ea","projected_dispatch_state":"terminal","projected_operation_version":10,"projected_state":"completed","request_binding_hash":"640499d700cd5c7a83f7dc8218b183a92a29681c43d727ecf9eb83f6bcd4061d","request_id":"process:ac6f41ada7b7e9c6256d264a35280ed0cd8f2e55153fb253bf2c8284308cf425","request_namespace_digest":"593fd6b0051c500028917778ba7f67fa229c17b250bc18b4431c42a996d51c03","retained_dispatch_commit":{"committed_version":8,"coordinator_lease_epoch":1,"coordinator_lease_id":"01a0fe2d-ff6c-7b72-8efa-dea4c20aae49","provider_attempt":{"attempt_id":"attempt:9523f9ae089fe09c4277d9d69495bea803967e0da9eb5077dff2a9c8361eb7ea","operation_id":"9523f9ae089fe09c4277d9d69495bea803967e0da9eb5077dff2a9c8361eb7ea","transport_id":"kernel-tool-server:tools","transport_key_epoch":1},"store_fence":{"lease_id":"01a0fe2d-ff6c-7b72-8efa-dea4c20aae49","owner_epoch":1,"store_uuid":"01a0fe2d-fb11-73b1-a349-7480e2bbb85d"}},"schema":"chio.admission-receipt.v1","store_fence":{"lease_id":"01a0fe2d-ff6c-7b72-8efa-dea4c20aae49","owner_epoch":1,"store_uuid":"01a0fe2d-fb11-73b1-a349-7480e2bbb85d"},"tool_outcome_id":"94369eb5fe2f25dcc6b01cedf0246fe2b7d084eac5eb2ab9c6f2075e2bed98a3","tool_outcome_version":2,"trusted_time_unix_ms":1790970823701},"attribution":{"delegation_depth":0,"grant_index":0,"issuer_key":"8a88e3dd7409f195fd52db2d3cba5d72ca6709bf1d94121bf3748801b40f6f5c","subject_key":"66be7e332c7a453332bd9d0a7f7db055f5c5ef1a06ada66d98b39fb6810c473a"},"chio_process":{"attempt":1,"operation_key":"work","process_id":"root","request_sha256":"959822261b0ef453a7c783fdb26a8af0068f811556368c5ef186a416055e67c7","runtime_id":"52c0e80f-547c-4131-90f3-577de87f3623"},"chio_receipt_signing_nonce":"rcpt-01a0fe2e-041b-7851-8542-6b41c1ab80b4","receipt_context":{"request_id":"process:ac6f41ada7b7e9c6256d264a35280ed0cd8f2e55153fb253bf2c8284308cf425"}},"owner":1,"receipt_id":"8200611710d5a821f79a8fdec6096dc95826534ff33ca6039059f7cb05a0e106","request_sha256":"959822261b0ef453a7c783fdb26a8af0068f811556368c5ef186a416055e67c7","tree_calls":1,"verdict":"Allow"}
test owner_worker ... ok

test result: ok. 1 passed; 0 failed; 0 ignored; 0 measured; 3 filtered out; finished in 2.75s


running 1 test
{"cut":"complete","metadata":{"admission_operation":{"compensation_status":"not_compensated","coordinator_lease_epoch":1,"coordinator_lease_id":"01a0fe2d-ff6c-7b72-8efa-dea4c20aae49","operation_id":"9523f9ae089fe09c4277d9d69495bea803967e0da9eb5077dff2a9c8361eb7ea","projected_dispatch_state":"terminal","projected_operation_version":10,"projected_state":"completed","request_binding_hash":"640499d700cd5c7a83f7dc8218b183a92a29681c43d727ecf9eb83f6bcd4061d","request_id":"process:ac6f41ada7b7e9c6256d264a35280ed0cd8f2e55153fb253bf2c8284308cf425","request_namespace_digest":"593fd6b0051c500028917778ba7f67fa229c17b250bc18b4431c42a996d51c03","retained_dispatch_commit":{"committed_version":8,"coordinator_lease_epoch":1,"coordinator_lease_id":"01a0fe2d-ff6c-7b72-8efa-dea4c20aae49","provider_attempt":{"attempt_id":"attempt:9523f9ae089fe09c4277d9d69495bea803967e0da9eb5077dff2a9c8361eb7ea","operation_id":"9523f9ae089fe09c4277d9d69495bea803967e0da9eb5077dff2a9c8361eb7ea","transport_id":"kernel-tool-server:tools","transport_key_epoch":1},"store_fence":{"lease_id":"01a0fe2d-ff6c-7b72-8efa-dea4c20aae49","owner_epoch":1,"store_uuid":"01a0fe2d-fb11-73b1-a349-7480e2bbb85d"}},"schema":"chio.admission-receipt.v1","store_fence":{"lease_id":"01a0fe2d-ff6c-7b72-8efa-dea4c20aae49","owner_epoch":1,"store_uuid":"01a0fe2d-fb11-73b1-a349-7480e2bbb85d"},"tool_outcome_id":"94369eb5fe2f25dcc6b01cedf0246fe2b7d084eac5eb2ab9c6f2075e2bed98a3","tool_outcome_version":2,"trusted_time_unix_ms":1790970823701},"attribution":{"delegation_depth":0,"grant_index":0,"issuer_key":"8a88e3dd7409f195fd52db2d3cba5d72ca6709bf1d94121bf3748801b40f6f5c","subject_key":"66be7e332c7a453332bd9d0a7f7db055f5c5ef1a06ada66d98b39fb6810c473a"},"chio_process":{"attempt":1,"operation_key":"work","process_id":"root","request_sha256":"959822261b0ef453a7c783fdb26a8af0068f811556368c5ef186a416055e67c7","runtime_id":"52c0e80f-547c-4131-90f3-577de87f3623"},"chio_receipt_signing_nonce":"rcpt-01a0fe2e-041b-7851-8542-6b41c1ab80b4","receipt_context":{"request_id":"process:ac6f41ada7b7e9c6256d264a35280ed0cd8f2e55153fb253bf2c8284308cf425"}},"owner":1,"receipt_id":"8200611710d5a821f79a8fdec6096dc95826534ff33ca6039059f7cb05a0e106","request_sha256":"959822261b0ef453a7c783fdb26a8af0068f811556368c5ef186a416055e67c7","tree_calls":1,"verdict":"Allow"}
test owner_worker ... ok

test result: ok. 1 passed; 0 failed; 0 ignored; 0 measured; 3 filtered out; finished in 1.06s

{"native_calls":1,"physical_effects":2,"profile_qualified":false,"scenario":"hidden_connector_retry"}
test hidden_connector_retry_is_a_counterexample_to_unqualified_effect_cardinality ... ok
{"cut":"complete","metadata":{"admission_operation":{"compensation_status":"not_compensated","coordinator_lease_epoch":1,"coordinator_lease_id":"01a0fe2e-0669-78a2-ab3b-434550497821","operation_id":"072a6b6d6a29ae2fe23a406ee11ba451f99ccd86eb64e99835db8138f819476c","projected_dispatch_state":"terminal","projected_operation_version":10,"projected_state":"completed","request_binding_hash":"b8394b7f124bc94ef0bd0933f67df1290ab3354b5ee8742c68300b890057f5d2","request_id":"process:fcfd8e2e8f356d6fee7958969176d3075c359d5ca2faf99b65fc6e874955977a","request_namespace_digest":"a22f36c542531542f9690369117205637d19de230e73d045fe42f6f8fdc38312","retained_dispatch_commit":{"committed_version":8,"coordinator_lease_epoch":1,"coordinator_lease_id":"01a0fe2e-0669-78a2-ab3b-434550497821","provider_attempt":{"attempt_id":"attempt:072a6b6d6a29ae2fe23a406ee11ba451f99ccd86eb64e99835db8138f819476c","operation_id":"072a6b6d6a29ae2fe23a406ee11ba451f99ccd86eb64e99835db8138f819476c","transport_id":"kernel-tool-server:tools","transport_key_epoch":1},"store_fence":{"lease_id":"01a0fe2e-0669-78a2-ab3b-434550497821","owner_epoch":1,"store_uuid":"01a0fe2e-0210-71d0-9b09-2a01e9c29dee"}},"schema":"chio.admission-receipt.v1","store_fence":{"lease_id":"01a0fe2e-0669-78a2-ab3b-434550497821","owner_epoch":1,"store_uuid":"01a0fe2e-0210-71d0-9b09-2a01e9c29dee"},"tool_outcome_id":"c8de62be454038bee731600207c58e2abb4b30b7cf3b7f264aa5ae3d65997143","tool_outcome_version":2,"trusted_time_unix_ms":1790970825498},"attribution":{"delegation_depth":0,"grant_index":0,"issuer_key":"8139770ea87d175f56a35466c34c7ecccb8d8a91b4ee37a25df60f5b8fc9b394","subject_key":"0b513ad9b4924015ca0902ed079044d3ac5dbec2306f06948c10da8eb6e39f2d"},"chio_process":{"attempt":1,"operation_key":"work","process_id":"root","request_sha256":"46273192414b59f45feb040465fd86091bbbdaeef9add07ba74ae65ad816ddb0","runtime_id":"f9118053-4d3d-4175-af1f-8793547fcca0"},"chio_receipt_signing_nonce":"rcpt-01a0fe2e-0b20-7ae1-9c89-eb2b37bfd346","receipt_context":{"request_id":"process:fcfd8e2e8f356d6fee7958969176d3075c359d5ca2faf99b65fc6e874955977a"}},"owner":2,"receipt_id":"72c1e44789179bc0d429578b505754fda14ede04ec6dd87bc302c6f4cab2ac69","request_sha256":"46273192414b59f45feb040465fd86091bbbdaeef9add07ba74ae65ad816ddb0","tree_calls":1,"verdict":"Allow"}
test owner_worker ... ok

test result: ok. 1 passed; 0 failed; 0 ignored; 0 measured; 3 filtered out; finished in 2.73s


running 1 test
{"cut":"complete","metadata":{"admission_operation":{"compensation_status":"not_compensated","coordinator_lease_epoch":1,"coordinator_lease_id":"01a0fe2e-0669-78a2-ab3b-434550497821","operation_id":"072a6b6d6a29ae2fe23a406ee11ba451f99ccd86eb64e99835db8138f819476c","projected_dispatch_state":"terminal","projected_operation_version":10,"projected_state":"completed","request_binding_hash":"b8394b7f124bc94ef0bd0933f67df1290ab3354b5ee8742c68300b890057f5d2","request_id":"process:fcfd8e2e8f356d6fee7958969176d3075c359d5ca2faf99b65fc6e874955977a","request_namespace_digest":"a22f36c542531542f9690369117205637d19de230e73d045fe42f6f8fdc38312","retained_dispatch_commit":{"committed_version":8,"coordinator_lease_epoch":1,"coordinator_lease_id":"01a0fe2e-0669-78a2-ab3b-434550497821","provider_attempt":{"attempt_id":"attempt:072a6b6d6a29ae2fe23a406ee11ba451f99ccd86eb64e99835db8138f819476c","operation_id":"072a6b6d6a29ae2fe23a406ee11ba451f99ccd86eb64e99835db8138f819476c","transport_id":"kernel-tool-server:tools","transport_key_epoch":1},"store_fence":{"lease_id":"01a0fe2e-0669-78a2-ab3b-434550497821","owner_epoch":1,"store_uuid":"01a0fe2e-0210-71d0-9b09-2a01e9c29dee"}},"schema":"chio.admission-receipt.v1","store_fence":{"lease_id":"01a0fe2e-0669-78a2-ab3b-434550497821","owner_epoch":1,"store_uuid":"01a0fe2e-0210-71d0-9b09-2a01e9c29dee"},"tool_outcome_id":"c8de62be454038bee731600207c58e2abb4b30b7cf3b7f264aa5ae3d65997143","tool_outcome_version":2,"trusted_time_unix_ms":1790970825498},"attribution":{"delegation_depth":0,"grant_index":0,"issuer_key":"8139770ea87d175f56a35466c34c7ecccb8d8a91b4ee37a25df60f5b8fc9b394","subject_key":"0b513ad9b4924015ca0902ed079044d3ac5dbec2306f06948c10da8eb6e39f2d"},"chio_process":{"attempt":1,"operation_key":"work","process_id":"root","request_sha256":"46273192414b59f45feb040465fd86091bbbdaeef9add07ba74ae65ad816ddb0","runtime_id":"f9118053-4d3d-4175-af1f-8793547fcca0"},"chio_receipt_signing_nonce":"rcpt-01a0fe2e-0b20-7ae1-9c89-eb2b37bfd346","receipt_context":{"request_id":"process:fcfd8e2e8f356d6fee7958969176d3075c359d5ca2faf99b65fc6e874955977a"}},"owner":2,"receipt_id":"72c1e44789179bc0d429578b505754fda14ede04ec6dd87bc302c6f4cab2ac69","request_sha256":"46273192414b59f45feb040465fd86091bbbdaeef9add07ba74ae65ad816ddb0","tree_calls":1,"verdict":"Allow"}
test owner_worker ... ok

test result: ok. 1 passed; 0 failed; 0 ignored; 0 measured; 3 filtered out; finished in 1.16s


running 1 test
{"cut":"complete","metadata":{"admission_operation":{"compensation_status":"not_compensated","coordinator_lease_epoch":2,"coordinator_lease_id":"01a0fe2e-11ec-7b10-8d5a-04feadf3ed1f","operation_id":"99a0466c0fd8a30a118d77da221f38f77273336e276feec1f88c6db99f7dd682","projected_dispatch_state":"terminal","projected_operation_version":10,"projected_state":"completed","request_binding_hash":"640499d700cd5c7a83f7dc8218b183a92a29681c43d727ecf9eb83f6bcd4061d","request_id":"process:4cf627c12d83f52da47d06f758f023bd85d8f9972900a4c9326483c0d5a1b9f2","request_namespace_digest":"1511423d54d2902964998d32f52b93843fadfb11f9d823d9803634325ef8164b","retained_dispatch_commit":{"committed_version":8,"coordinator_lease_epoch":2,"coordinator_lease_id":"01a0fe2e-11ec-7b10-8d5a-04feadf3ed1f","provider_attempt":{"attempt_id":"attempt:99a0466c0fd8a30a118d77da221f38f77273336e276feec1f88c6db99f7dd682","operation_id":"99a0466c0fd8a30a118d77da221f38f77273336e276feec1f88c6db99f7dd682","transport_id":"kernel-tool-server:tools","transport_key_epoch":2},"store_fence":{"lease_id":"01a0fe2e-11ec-7b10-8d5a-04feadf3ed1f","owner_epoch":2,"store_uuid":"01a0fe2d-fb16-7f53-aeb6-0c0136490952"}},"schema":"chio.admission-receipt.v1","store_fence":{"lease_id":"01a0fe2e-11ec-7b10-8d5a-04feadf3ed1f","owner_epoch":2,"store_uuid":"01a0fe2d-fb16-7f53-aeb6-0c0136490952"},"tool_outcome_id":"94ed676340eb54ba0123ded33a27693249a59661fd6c6d659e27bec594338ad6","tool_outcome_version":2,"trusted_time_unix_ms":1790970828363},"attribution":{"delegation_depth":0,"grant_index":0,"issuer_key":"8a88e3dd7409f195fd52db2d3cba5d72ca6709bf1d94121bf3748801b40f6f5c","subject_key":"66be7e332c7a453332bd9d0a7f7db055f5c5ef1a06ada66d98b39fb6810c473a"},"chio_process":{"attempt":1,"operation_key":"work","process_id":"root","request_sha256":"68e2439072644d50bb7aaa88739e46075ab34a1f32e65ca3018d3e4f28ec8707","runtime_id":"ba05c52b-421a-4ce3-a4c7-759acf346903"},"chio_receipt_signing_nonce":"rcpt-01a0fe2e-1650-7d31-8244-3dbba11c5590","receipt_context":{"request_id":"process:4cf627c12d83f52da47d06f758f023bd85d8f9972900a4c9326483c0d5a1b9f2"}},"owner":1,"receipt_id":"fd81b4b7849e4789c836db5903b62658c19221ab0ae7da15f9b9b08ef6dac664","request_sha256":"68e2439072644d50bb7aaa88739e46075ab34a1f32e65ca3018d3e4f28ec8707","tree_calls":1,"verdict":"Allow"}
test owner_worker ... ok

test result: ok. 1 passed; 0 failed; 0 ignored; 0 measured; 3 filtered out; finished in 1.70s


running 1 test
{"cut":"complete","metadata":{"admission_operation":{"compensation_status":"not_compensated","coordinator_lease_epoch":2,"coordinator_lease_id":"01a0fe2e-11ec-7b10-8d5a-04feadf3ed1f","operation_id":"99a0466c0fd8a30a118d77da221f38f77273336e276feec1f88c6db99f7dd682","projected_dispatch_state":"terminal","projected_operation_version":10,"projected_state":"completed","request_binding_hash":"640499d700cd5c7a83f7dc8218b183a92a29681c43d727ecf9eb83f6bcd4061d","request_id":"process:4cf627c12d83f52da47d06f758f023bd85d8f9972900a4c9326483c0d5a1b9f2","request_namespace_digest":"1511423d54d2902964998d32f52b93843fadfb11f9d823d9803634325ef8164b","retained_dispatch_commit":{"committed_version":8,"coordinator_lease_epoch":2,"coordinator_lease_id":"01a0fe2e-11ec-7b10-8d5a-04feadf3ed1f","provider_attempt":{"attempt_id":"attempt:99a0466c0fd8a30a118d77da221f38f77273336e276feec1f88c6db99f7dd682","operation_id":"99a0466c0fd8a30a118d77da221f38f77273336e276feec1f88c6db99f7dd682","transport_id":"kernel-tool-server:tools","transport_key_epoch":2},"store_fence":{"lease_id":"01a0fe2e-11ec-7b10-8d5a-04feadf3ed1f","owner_epoch":2,"store_uuid":"01a0fe2d-fb16-7f53-aeb6-0c0136490952"}},"schema":"chio.admission-receipt.v1","store_fence":{"lease_id":"01a0fe2e-11ec-7b10-8d5a-04feadf3ed1f","owner_epoch":2,"store_uuid":"01a0fe2d-fb16-7f53-aeb6-0c0136490952"},"tool_outcome_id":"94ed676340eb54ba0123ded33a27693249a59661fd6c6d659e27bec594338ad6","tool_outcome_version":2,"trusted_time_unix_ms":1790970828363},"attribution":{"delegation_depth":0,"grant_index":0,"issuer_key":"8a88e3dd7409f195fd52db2d3cba5d72ca6709bf1d94121bf3748801b40f6f5c","subject_key":"66be7e332c7a453332bd9d0a7f7db055f5c5ef1a06ada66d98b39fb6810c473a"},"chio_process":{"attempt":1,"operation_key":"work","process_id":"root","request_sha256":"68e2439072644d50bb7aaa88739e46075ab34a1f32e65ca3018d3e4f28ec8707","runtime_id":"ba05c52b-421a-4ce3-a4c7-759acf346903"},"chio_receipt_signing_nonce":"rcpt-01a0fe2e-1650-7d31-8244-3dbba11c5590","receipt_context":{"request_id":"process:4cf627c12d83f52da47d06f758f023bd85d8f9972900a4c9326483c0d5a1b9f2"}},"owner":1,"receipt_id":"fd81b4b7849e4789c836db5903b62658c19221ab0ae7da15f9b9b08ef6dac664","request_sha256":"68e2439072644d50bb7aaa88739e46075ab34a1f32e65ca3018d3e4f28ec8707","tree_calls":1,"verdict":"Allow"}
test owner_worker ... ok

test result: ok. 1 passed; 0 failed; 0 ignored; 0 measured; 3 filtered out; finished in 1.15s

{"cut":"before_admission","effects":[{"arguments":{"recipient":"public-issue","source":"prepared-artifact","version":1},"owner":2},{"arguments":{"recipient":"public-issue","source":"prepared-artifact","version":1},"owner":1}],"first_owner_effects":1,"first_owner_unknown":false,"other_owners_completed":1,"owners":2,"scenario":"separate_owners"}

running 1 test

running 1 test
{"cut":"complete","metadata":{"admission_operation":{"compensation_status":"not_compensated","coordinator_lease_epoch":1,"coordinator_lease_id":"01a0fe2e-3186-7e43-b0d0-971fd54e9904","operation_id":"a2f9c908df5d94f63d9cd4917f68fa4087cc593164c7099827c8e1ed8208c6b1","projected_dispatch_state":"terminal","projected_operation_version":10,"projected_state":"completed","request_binding_hash":"b8394b7f124bc94ef0bd0933f67df1290ab3354b5ee8742c68300b890057f5d2","request_id":"process:7b68fab49f6050a13c6354a76b5034cba6d90660a7ffaf8bc66e57feb111777f","request_namespace_digest":"70c1eb7d83636e3de4548ebfe7f2c3825f639ceda896d68397b864a18e6c7bf7","retained_dispatch_commit":{"committed_version":8,"coordinator_lease_epoch":1,"coordinator_lease_id":"01a0fe2e-3186-7e43-b0d0-971fd54e9904","provider_attempt":{"attempt_id":"attempt:a2f9c908df5d94f63d9cd4917f68fa4087cc593164c7099827c8e1ed8208c6b1","operation_id":"a2f9c908df5d94f63d9cd4917f68fa4087cc593164c7099827c8e1ed8208c6b1","transport_id":"kernel-tool-server:tools","transport_key_epoch":1},"store_fence":{"lease_id":"01a0fe2e-3186-7e43-b0d0-971fd54e9904","owner_epoch":1,"store_uuid":"01a0fe2e-2b5f-7082-a7cf-5b9bd0f6f25c"}},"schema":"chio.admission-receipt.v1","store_fence":{"lease_id":"01a0fe2e-3186-7e43-b0d0-971fd54e9904","owner_epoch":1,"store_uuid":"01a0fe2e-2b5f-7082-a7cf-5b9bd0f6f25c"},"tool_outcome_id":"fa8ec63b84c2baffd62fc65c817b17773e7b2bbdd1469e0029ca7bb76520d030","tool_outcome_version":2,"trusted_time_unix_ms":1790970837161},"attribution":{"delegation_depth":0,"grant_index":0,"issuer_key":"8139770ea87d175f56a35466c34c7ecccb8d8a91b4ee37a25df60f5b8fc9b394","subject_key":"0b513ad9b4924015ca0902ed079044d3ac5dbec2306f06948c10da8eb6e39f2d"},"chio_process":{"attempt":1,"operation_key":"work","process_id":"root","request_sha256":"34c91d3eb7a76a8fa1d993e6ff97a0dba2a0c135962aaa2fc532d5c04abfab8e","runtime_id":"00f5b892-b009-412d-85bf-6f42f06bc648"},"chio_receipt_signing_nonce":"rcpt-01a0fe2e-38ae-7513-875a-d1fd547abd0b","receipt_context":{"request_id":"process:7b68fab49f6050a13c6354a76b5034cba6d90660a7ffaf8bc66e57feb111777f"}},"owner":2,"receipt_id":"9368e6a7d00ff63ee8d73ed47bcaa1f703e074b778ee345b0c1d576d0c46a2f3","request_sha256":"34c91d3eb7a76a8fa1d993e6ff97a0dba2a0c135962aaa2fc532d5c04abfab8e","tree_calls":1,"verdict":"Allow"}
test owner_worker ... ok

test result: ok. 1 passed; 0 failed; 0 ignored; 0 measured; 3 filtered out; finished in 4.57s


running 1 test
{"cut":"complete","metadata":{"admission_operation":{"compensation_status":"not_compensated","coordinator_lease_epoch":1,"coordinator_lease_id":"01a0fe2e-3186-7e43-b0d0-971fd54e9904","operation_id":"a2f9c908df5d94f63d9cd4917f68fa4087cc593164c7099827c8e1ed8208c6b1","projected_dispatch_state":"terminal","projected_operation_version":10,"projected_state":"completed","request_binding_hash":"b8394b7f124bc94ef0bd0933f67df1290ab3354b5ee8742c68300b890057f5d2","request_id":"process:7b68fab49f6050a13c6354a76b5034cba6d90660a7ffaf8bc66e57feb111777f","request_namespace_digest":"70c1eb7d83636e3de4548ebfe7f2c3825f639ceda896d68397b864a18e6c7bf7","retained_dispatch_commit":{"committed_version":8,"coordinator_lease_epoch":1,"coordinator_lease_id":"01a0fe2e-3186-7e43-b0d0-971fd54e9904","provider_attempt":{"attempt_id":"attempt:a2f9c908df5d94f63d9cd4917f68fa4087cc593164c7099827c8e1ed8208c6b1","operation_id":"a2f9c908df5d94f63d9cd4917f68fa4087cc593164c7099827c8e1ed8208c6b1","transport_id":"kernel-tool-server:tools","transport_key_epoch":1},"store_fence":{"lease_id":"01a0fe2e-3186-7e43-b0d0-971fd54e9904","owner_epoch":1,"store_uuid":"01a0fe2e-2b5f-7082-a7cf-5b9bd0f6f25c"}},"schema":"chio.admission-receipt.v1","store_fence":{"lease_id":"01a0fe2e-3186-7e43-b0d0-971fd54e9904","owner_epoch":1,"store_uuid":"01a0fe2e-2b5f-7082-a7cf-5b9bd0f6f25c"},"tool_outcome_id":"fa8ec63b84c2baffd62fc65c817b17773e7b2bbdd1469e0029ca7bb76520d030","tool_outcome_version":2,"trusted_time_unix_ms":1790970837161},"attribution":{"delegation_depth":0,"grant_index":0,"issuer_key":"8139770ea87d175f56a35466c34c7ecccb8d8a91b4ee37a25df60f5b8fc9b394","subject_key":"0b513ad9b4924015ca0902ed079044d3ac5dbec2306f06948c10da8eb6e39f2d"},"chio_process":{"attempt":1,"operation_key":"work","process_id":"root","request_sha256":"34c91d3eb7a76a8fa1d993e6ff97a0dba2a0c135962aaa2fc532d5c04abfab8e","runtime_id":"00f5b892-b009-412d-85bf-6f42f06bc648"},"chio_receipt_signing_nonce":"rcpt-01a0fe2e-38ae-7513-875a-d1fd547abd0b","receipt_context":{"request_id":"process:7b68fab49f6050a13c6354a76b5034cba6d90660a7ffaf8bc66e57feb111777f"}},"owner":2,"receipt_id":"9368e6a7d00ff63ee8d73ed47bcaa1f703e074b778ee345b0c1d576d0c46a2f3","request_sha256":"34c91d3eb7a76a8fa1d993e6ff97a0dba2a0c135962aaa2fc532d5c04abfab8e","tree_calls":1,"verdict":"Allow"}
test owner_worker ... ok

test result: ok. 1 passed; 0 failed; 0 ignored; 0 measured; 3 filtered out; finished in 1.25s


running 1 test
{"cut":"recover_unknown","metadata":{"admission_operation":{"compensation_status":"not_compensated","coordinator_lease_epoch":1,"coordinator_lease_id":"01a0fe2e-215e-7572-948e-82c3b3bf1313","operation_id":"5d77239b472ac7cc0856c8288e8581ec73f48305a28ddcc2bd9825690260b36f","projected_dispatch_state":"terminal","projected_operation_version":9,"projected_state":"outcome_unknown_after_dispatch","request_binding_hash":"640499d700cd5c7a83f7dc8218b183a92a29681c43d727ecf9eb83f6bcd4061d","request_id":"process:a89cae7245b454e526b454597699838676639b6626f6ba1841dc7b5a1c47f0c1","request_namespace_digest":"6dbc9555acd58cc3d11a261e4c848bb25c1279c8f24ecc45daeecf3a3f8b89f5","retained_dispatch_commit":{"committed_version":8,"coordinator_lease_epoch":1,"coordinator_lease_id":"01a0fe2e-215e-7572-948e-82c3b3bf1313","provider_attempt":{"attempt_id":"attempt:5d77239b472ac7cc0856c8288e8581ec73f48305a28ddcc2bd9825690260b36f","operation_id":"5d77239b472ac7cc0856c8288e8581ec73f48305a28ddcc2bd9825690260b36f","transport_id":"kernel-tool-server:tools","transport_key_epoch":1},"store_fence":{"lease_id":"01a0fe2e-215e-7572-948e-82c3b3bf1313","owner_epoch":1,"store_uuid":"01a0fe2e-1cab-7812-a1d9-55ef6bc8b0ef"}},"schema":"chio.admission-receipt.v1","store_fence":{"lease_id":"01a0fe2e-215e-7572-948e-82c3b3bf1313","owner_epoch":1,"store_uuid":"01a0fe2e-1cab-7812-a1d9-55ef6bc8b0ef"},"tool_outcome_id":null,"tool_outcome_version":null,"trusted_time_unix_ms":1790970839656},"attribution":{"delegation_depth":0,"issuer_key":"8a88e3dd7409f195fd52db2d3cba5d72ca6709bf1d94121bf3748801b40f6f5c","subject_key":"66be7e332c7a453332bd9d0a7f7db055f5c5ef1a06ada66d98b39fb6810c473a"},"chio_process":{"attempt":1,"operation_key":"work","process_id":"root","request_sha256":"7667e30cbaeb5fc99297a297be9e3fb87d19546a5f062a53a469e73352f716f3","runtime_id":"4944956c-0eef-4e84-8448-a4407cedb006"},"chio_receipt_signing_nonce":"rcpt-01a0fe2e-4279-7801-a396-e50fe97636e6","receipt_context":{"request_id":"process:a89cae7245b454e526b454597699838676639b6626f6ba1841dc7b5a1c47f0c1"}},"owner":1,"receipt_id":"930f2d740b05490145143ffd99d45cb0f29ded761b9478eecc9738437eb10afb","request_sha256":"7667e30cbaeb5fc99297a297be9e3fb87d19546a5f062a53a469e73352f716f3","tree_calls":1,"verdict":"Deny"}
test owner_worker ... ok

test result: ok. 1 passed; 0 failed; 0 ignored; 0 measured; 3 filtered out; finished in 1.06s


running 1 test
{"cut":"recover_unknown","metadata":{"admission_operation":{"compensation_status":"not_compensated","coordinator_lease_epoch":1,"coordinator_lease_id":"01a0fe2e-215e-7572-948e-82c3b3bf1313","operation_id":"5d77239b472ac7cc0856c8288e8581ec73f48305a28ddcc2bd9825690260b36f","projected_dispatch_state":"terminal","projected_operation_version":9,"projected_state":"outcome_unknown_after_dispatch","request_binding_hash":"640499d700cd5c7a83f7dc8218b183a92a29681c43d727ecf9eb83f6bcd4061d","request_id":"process:a89cae7245b454e526b454597699838676639b6626f6ba1841dc7b5a1c47f0c1","request_namespace_digest":"6dbc9555acd58cc3d11a261e4c848bb25c1279c8f24ecc45daeecf3a3f8b89f5","retained_dispatch_commit":{"committed_version":8,"coordinator_lease_epoch":1,"coordinator_lease_id":"01a0fe2e-215e-7572-948e-82c3b3bf1313","provider_attempt":{"attempt_id":"attempt:5d77239b472ac7cc0856c8288e8581ec73f48305a28ddcc2bd9825690260b36f","operation_id":"5d77239b472ac7cc0856c8288e8581ec73f48305a28ddcc2bd9825690260b36f","transport_id":"kernel-tool-server:tools","transport_key_epoch":1},"store_fence":{"lease_id":"01a0fe2e-215e-7572-948e-82c3b3bf1313","owner_epoch":1,"store_uuid":"01a0fe2e-1cab-7812-a1d9-55ef6bc8b0ef"}},"schema":"chio.admission-receipt.v1","store_fence":{"lease_id":"01a0fe2e-215e-7572-948e-82c3b3bf1313","owner_epoch":1,"store_uuid":"01a0fe2e-1cab-7812-a1d9-55ef6bc8b0ef"},"tool_outcome_id":null,"tool_outcome_version":null,"trusted_time_unix_ms":1790970840579},"attribution":{"delegation_depth":0,"issuer_key":"8a88e3dd7409f195fd52db2d3cba5d72ca6709bf1d94121bf3748801b40f6f5c","subject_key":"66be7e332c7a453332bd9d0a7f7db055f5c5ef1a06ada66d98b39fb6810c473a"},"chio_process":{"attempt":1,"operation_key":"work","process_id":"root","request_sha256":"7667e30cbaeb5fc99297a297be9e3fb87d19546a5f062a53a469e73352f716f3","runtime_id":"4944956c-0eef-4e84-8448-a4407cedb006"},"chio_receipt_signing_nonce":"rcpt-01a0fe2e-4615-7f13-9f9f-44fc15d530d3","receipt_context":{"request_id":"process:a89cae7245b454e526b454597699838676639b6626f6ba1841dc7b5a1c47f0c1"}},"owner":1,"receipt_id":"096bc4220d3423a7b0f96c4958dcf858ccf1ae47f3abd4ad91dc6462f362e692","request_sha256":"7667e30cbaeb5fc99297a297be9e3fb87d19546a5f062a53a469e73352f716f3","tree_calls":1,"verdict":"Deny"}
test owner_worker ... ok

test result: ok. 1 passed; 0 failed; 0 ignored; 0 measured; 3 filtered out; finished in 0.91s

{"cut":"before_send","effects":[{"arguments":{"recipient":"public-issue","source":"prepared-artifact","version":1},"owner":2}],"first_owner_effects":0,"first_owner_unknown":true,"other_owners_completed":1,"owners":2,"scenario":"separate_owners"}

running 1 test

running 1 test
{"cut":"complete","metadata":{"admission_operation":{"compensation_status":"not_compensated","coordinator_lease_epoch":1,"coordinator_lease_id":"01a0fe2e-5480-7c20-b675-0e358758f7f5","operation_id":"28586de6c75c4b362ea9625dd5404aa792b6a62c9a11498d789df49caa42254e","projected_dispatch_state":"terminal","projected_operation_version":10,"projected_state":"completed","request_binding_hash":"b8394b7f124bc94ef0bd0933f67df1290ab3354b5ee8742c68300b890057f5d2","request_id":"process:7597b996bbed47a2e9b7a042fd52caaba7b2a0647f9052132d13ae5f1ba814d1","request_namespace_digest":"7b96b1f94cd0773a4e072c6c2596df831f4d630cda67f8111dfabb47c0ab7d03","retained_dispatch_commit":{"committed_version":8,"coordinator_lease_epoch":1,"coordinator_lease_id":"01a0fe2e-5480-7c20-b675-0e358758f7f5","provider_attempt":{"attempt_id":"attempt:28586de6c75c4b362ea9625dd5404aa792b6a62c9a11498d789df49caa42254e","operation_id":"28586de6c75c4b362ea9625dd5404aa792b6a62c9a11498d789df49caa42254e","transport_id":"kernel-tool-server:tools","transport_key_epoch":1},"store_fence":{"lease_id":"01a0fe2e-5480-7c20-b675-0e358758f7f5","owner_epoch":1,"store_uuid":"01a0fe2e-5039-71d2-a30b-21827b4c0b71"}},"schema":"chio.admission-receipt.v1","store_fence":{"lease_id":"01a0fe2e-5480-7c20-b675-0e358758f7f5","owner_epoch":1,"store_uuid":"01a0fe2e-5039-71d2-a30b-21827b4c0b71"},"tool_outcome_id":"2c559c5f42e59f6bf88dcecab51493e3342de5aa338e1ff477dddf079097e11d","tool_outcome_version":2,"trusted_time_unix_ms":1790970845492},"attribution":{"delegation_depth":0,"grant_index":0,"issuer_key":"8139770ea87d175f56a35466c34c7ecccb8d8a91b4ee37a25df60f5b8fc9b394","subject_key":"0b513ad9b4924015ca0902ed079044d3ac5dbec2306f06948c10da8eb6e39f2d"},"chio_process":{"attempt":1,"operation_key":"work","process_id":"root","request_sha256":"b0f189eae97ef733fa35df1b18897af113d47c5659c88363bec6b6ac861a2653","runtime_id":"71413382-e753-4d8c-9bfe-932608e8ce8e"},"chio_receipt_signing_nonce":"rcpt-01a0fe2e-5939-7552-ac52-2a360aecfeec","receipt_context":{"request_id":"process:7597b996bbed47a2e9b7a042fd52caaba7b2a0647f9052132d13ae5f1ba814d1"}},"owner":2,"receipt_id":"0a817092fc8e3fe86619d7f010795f36034350ee1190beefef61c720df05adea","request_sha256":"b0f189eae97ef733fa35df1b18897af113d47c5659c88363bec6b6ac861a2653","tree_calls":1,"verdict":"Allow"}
test owner_worker ... ok

test result: ok. 1 passed; 0 failed; 0 ignored; 0 measured; 3 filtered out; finished in 2.68s


running 1 test
{"cut":"complete","metadata":{"admission_operation":{"compensation_status":"not_compensated","coordinator_lease_epoch":1,"coordinator_lease_id":"01a0fe2e-5480-7c20-b675-0e358758f7f5","operation_id":"28586de6c75c4b362ea9625dd5404aa792b6a62c9a11498d789df49caa42254e","projected_dispatch_state":"terminal","projected_operation_version":10,"projected_state":"completed","request_binding_hash":"b8394b7f124bc94ef0bd0933f67df1290ab3354b5ee8742c68300b890057f5d2","request_id":"process:7597b996bbed47a2e9b7a042fd52caaba7b2a0647f9052132d13ae5f1ba814d1","request_namespace_digest":"7b96b1f94cd0773a4e072c6c2596df831f4d630cda67f8111dfabb47c0ab7d03","retained_dispatch_commit":{"committed_version":8,"coordinator_lease_epoch":1,"coordinator_lease_id":"01a0fe2e-5480-7c20-b675-0e358758f7f5","provider_attempt":{"attempt_id":"attempt:28586de6c75c4b362ea9625dd5404aa792b6a62c9a11498d789df49caa42254e","operation_id":"28586de6c75c4b362ea9625dd5404aa792b6a62c9a11498d789df49caa42254e","transport_id":"kernel-tool-server:tools","transport_key_epoch":1},"store_fence":{"lease_id":"01a0fe2e-5480-7c20-b675-0e358758f7f5","owner_epoch":1,"store_uuid":"01a0fe2e-5039-71d2-a30b-21827b4c0b71"}},"schema":"chio.admission-receipt.v1","store_fence":{"lease_id":"01a0fe2e-5480-7c20-b675-0e358758f7f5","owner_epoch":1,"store_uuid":"01a0fe2e-5039-71d2-a30b-21827b4c0b71"},"tool_outcome_id":"2c559c5f42e59f6bf88dcecab51493e3342de5aa338e1ff477dddf079097e11d","tool_outcome_version":2,"trusted_time_unix_ms":1790970845492},"attribution":{"delegation_depth":0,"grant_index":0,"issuer_key":"8139770ea87d175f56a35466c34c7ecccb8d8a91b4ee37a25df60f5b8fc9b394","subject_key":"0b513ad9b4924015ca0902ed079044d3ac5dbec2306f06948c10da8eb6e39f2d"},"chio_process":{"attempt":1,"operation_key":"work","process_id":"root","request_sha256":"b0f189eae97ef733fa35df1b18897af113d47c5659c88363bec6b6ac861a2653","runtime_id":"71413382-e753-4d8c-9bfe-932608e8ce8e"},"chio_receipt_signing_nonce":"rcpt-01a0fe2e-5939-7552-ac52-2a360aecfeec","receipt_context":{"request_id":"process:7597b996bbed47a2e9b7a042fd52caaba7b2a0647f9052132d13ae5f1ba814d1"}},"owner":2,"receipt_id":"0a817092fc8e3fe86619d7f010795f36034350ee1190beefef61c720df05adea","request_sha256":"b0f189eae97ef733fa35df1b18897af113d47c5659c88363bec6b6ac861a2653","tree_calls":1,"verdict":"Allow"}
test owner_worker ... ok

test result: ok. 1 passed; 0 failed; 0 ignored; 0 measured; 3 filtered out; finished in 1.03s


running 1 test
{"cut":"recover_unknown","metadata":{"admission_operation":{"compensation_status":"not_compensated","coordinator_lease_epoch":1,"coordinator_lease_id":"01a0fe2e-4b86-7d00-9855-fc0a6bcde7e2","operation_id":"28b33cfb422401a680258cee11dce920264a3bf8092cf1690ed39bbf2fe503f4","projected_dispatch_state":"terminal","projected_operation_version":9,"projected_state":"outcome_unknown_after_dispatch","request_binding_hash":"640499d700cd5c7a83f7dc8218b183a92a29681c43d727ecf9eb83f6bcd4061d","request_id":"process:b1439f10a4b6531d38b325d3c19b842d001a60a851a51c2699aa1855f55b1f10","request_namespace_digest":"e13f54fcc35e4c7302768c4f1cdb3a9794e16d2bc83029e1e460f98d0b4cebc4","retained_dispatch_commit":{"committed_version":8,"coordinator_lease_epoch":1,"coordinator_lease_id":"01a0fe2e-4b86-7d00-9855-fc0a6bcde7e2","provider_attempt":{"attempt_id":"attempt:28b33cfb422401a680258cee11dce920264a3bf8092cf1690ed39bbf2fe503f4","operation_id":"28b33cfb422401a680258cee11dce920264a3bf8092cf1690ed39bbf2fe503f4","transport_id":"kernel-tool-server:tools","transport_key_epoch":1},"store_fence":{"lease_id":"01a0fe2e-4b86-7d00-9855-fc0a6bcde7e2","owner_epoch":1,"store_uuid":"01a0fe2e-474f-7101-ba0b-88fadbed220f"}},"schema":"chio.admission-receipt.v1","store_fence":{"lease_id":"01a0fe2e-4b86-7d00-9855-fc0a6bcde7e2","owner_epoch":1,"store_uuid":"01a0fe2e-474f-7101-ba0b-88fadbed220f"},"tool_outcome_id":null,"tool_outcome_version":null,"trusted_time_unix_ms":1790970847675},"attribution":{"delegation_depth":0,"issuer_key":"8a88e3dd7409f195fd52db2d3cba5d72ca6709bf1d94121bf3748801b40f6f5c","subject_key":"66be7e332c7a453332bd9d0a7f7db055f5c5ef1a06ada66d98b39fb6810c473a"},"chio_process":{"attempt":1,"operation_key":"work","process_id":"root","request_sha256":"4981a912a5d5888ef9d41ff8eddbc8df2268d321f4e98c484f6cde699b4aa40c","runtime_id":"568281fc-d587-445a-a3b8-9e6d99194687"},"chio_receipt_signing_nonce":"rcpt-01a0fe2e-61cd-7711-8bad-daa3f511f91f","receipt_context":{"request_id":"process:b1439f10a4b6531d38b325d3c19b842d001a60a851a51c2699aa1855f55b1f10"}},"owner":1,"receipt_id":"34c3c51d9cac2551fe4fe1037dfce33387a33fea806231adf1562489e76f341e","request_sha256":"4981a912a5d5888ef9d41ff8eddbc8df2268d321f4e98c484f6cde699b4aa40c","tree_calls":1,"verdict":"Deny"}
test owner_worker ... ok

test result: ok. 1 passed; 0 failed; 0 ignored; 0 measured; 3 filtered out; finished in 1.04s


running 1 test
{"cut":"recover_unknown","metadata":{"admission_operation":{"compensation_status":"not_compensated","coordinator_lease_epoch":1,"coordinator_lease_id":"01a0fe2e-4b86-7d00-9855-fc0a6bcde7e2","operation_id":"28b33cfb422401a680258cee11dce920264a3bf8092cf1690ed39bbf2fe503f4","projected_dispatch_state":"terminal","projected_operation_version":9,"projected_state":"outcome_unknown_after_dispatch","request_binding_hash":"640499d700cd5c7a83f7dc8218b183a92a29681c43d727ecf9eb83f6bcd4061d","request_id":"process:b1439f10a4b6531d38b325d3c19b842d001a60a851a51c2699aa1855f55b1f10","request_namespace_digest":"e13f54fcc35e4c7302768c4f1cdb3a9794e16d2bc83029e1e460f98d0b4cebc4","retained_dispatch_commit":{"committed_version":8,"coordinator_lease_epoch":1,"coordinator_lease_id":"01a0fe2e-4b86-7d00-9855-fc0a6bcde7e2","provider_attempt":{"attempt_id":"attempt:28b33cfb422401a680258cee11dce920264a3bf8092cf1690ed39bbf2fe503f4","operation_id":"28b33cfb422401a680258cee11dce920264a3bf8092cf1690ed39bbf2fe503f4","transport_id":"kernel-tool-server:tools","transport_key_epoch":1},"store_fence":{"lease_id":"01a0fe2e-4b86-7d00-9855-fc0a6bcde7e2","owner_epoch":1,"store_uuid":"01a0fe2e-474f-7101-ba0b-88fadbed220f"}},"schema":"chio.admission-receipt.v1","store_fence":{"lease_id":"01a0fe2e-4b86-7d00-9855-fc0a6bcde7e2","owner_epoch":1,"store_uuid":"01a0fe2e-474f-7101-ba0b-88fadbed220f"},"tool_outcome_id":null,"tool_outcome_version":null,"trusted_time_unix_ms":1790970848605},"attribution":{"delegation_depth":0,"issuer_key":"8a88e3dd7409f195fd52db2d3cba5d72ca6709bf1d94121bf3748801b40f6f5c","subject_key":"66be7e332c7a453332bd9d0a7f7db055f5c5ef1a06ada66d98b39fb6810c473a"},"chio_process":{"attempt":1,"operation_key":"work","process_id":"root","request_sha256":"4981a912a5d5888ef9d41ff8eddbc8df2268d321f4e98c484f6cde699b4aa40c","runtime_id":"568281fc-d587-445a-a3b8-9e6d99194687"},"chio_receipt_signing_nonce":"rcpt-01a0fe2e-656f-7e22-86da-f010ae3f270a","receipt_context":{"request_id":"process:b1439f10a4b6531d38b325d3c19b842d001a60a851a51c2699aa1855f55b1f10"}},"owner":1,"receipt_id":"92b86d80c2c2cf27908786fc757cc18e7a363b148413eed45e3ca8cc0156468a","request_sha256":"4981a912a5d5888ef9d41ff8eddbc8df2268d321f4e98c484f6cde699b4aa40c","tree_calls":1,"verdict":"Deny"}
test owner_worker ... ok

test result: ok. 1 passed; 0 failed; 0 ignored; 0 measured; 3 filtered out; finished in 0.91s

{"cut":"after_effect","effects":[{"arguments":{"recipient":"public-issue","source":"prepared-artifact","version":1},"owner":1},{"arguments":{"recipient":"public-issue","source":"prepared-artifact","version":1},"owner":2}],"first_owner_effects":1,"first_owner_unknown":true,"other_owners_completed":1,"owners":2,"scenario":"separate_owners"}

running 1 test

running 1 test
{"cut":"complete","metadata":{"admission_operation":{"compensation_status":"not_compensated","coordinator_lease_epoch":1,"coordinator_lease_id":"01a0fe2e-7528-7010-ac4f-b1f1592b75a5","operation_id":"793c8c07461f41bef6f5749d497587a55711074f2072b44bc721e652afbd048e","projected_dispatch_state":"terminal","projected_operation_version":10,"projected_state":"completed","request_binding_hash":"b8394b7f124bc94ef0bd0933f67df1290ab3354b5ee8742c68300b890057f5d2","request_id":"process:7fd4b851bfd6b31354fa8ba35896586275d8c618e01937ff452fdc9dd9c598e9","request_namespace_digest":"01b8c772105ec0dcf9634a493f3507dff940778bc66ee7b527a653542387bf60","retained_dispatch_commit":{"committed_version":8,"coordinator_lease_epoch":1,"coordinator_lease_id":"01a0fe2e-7528-7010-ac4f-b1f1592b75a5","provider_attempt":{"attempt_id":"attempt:793c8c07461f41bef6f5749d497587a55711074f2072b44bc721e652afbd048e","operation_id":"793c8c07461f41bef6f5749d497587a55711074f2072b44bc721e652afbd048e","transport_id":"kernel-tool-server:tools","transport_key_epoch":1},"store_fence":{"lease_id":"01a0fe2e-7528-7010-ac4f-b1f1592b75a5","owner_epoch":1,"store_uuid":"01a0fe2e-7101-7c22-9169-4fb6da402a65"}},"schema":"chio.admission-receipt.v1","store_fence":{"lease_id":"01a0fe2e-7528-7010-ac4f-b1f1592b75a5","owner_epoch":1,"store_uuid":"01a0fe2e-7101-7c22-9169-4fb6da402a65"},"tool_outcome_id":"d66a4e9cbb4cce962bde64f8ac81d83a966855181c8531aab7e2ebf4fe97b68a","tool_outcome_version":2,"trusted_time_unix_ms":1790970853834},"attribution":{"delegation_depth":0,"grant_index":0,"issuer_key":"8139770ea87d175f56a35466c34c7ecccb8d8a91b4ee37a25df60f5b8fc9b394","subject_key":"0b513ad9b4924015ca0902ed079044d3ac5dbec2306f06948c10da8eb6e39f2d"},"chio_process":{"attempt":1,"operation_key":"work","process_id":"root","request_sha256":"be036328bb632edee02f88d454c898cc15f3248ad48b587080838556b27aa0cb","runtime_id":"7a5e1a46-59ab-49cf-b4f7-29abb6570ec5"},"chio_receipt_signing_nonce":"rcpt-01a0fe2e-79cf-7e21-9614-ac13ca30adcf","receipt_context":{"request_id":"process:7fd4b851bfd6b31354fa8ba35896586275d8c618e01937ff452fdc9dd9c598e9"}},"owner":2,"receipt_id":"ae80b3b8db772c58cf7f4ebcf050a0fb10921df930d3492510f7265310586d08","request_sha256":"be036328bb632edee02f88d454c898cc15f3248ad48b587080838556b27aa0cb","tree_calls":1,"verdict":"Allow"}
test owner_worker ... ok

test result: ok. 1 passed; 0 failed; 0 ignored; 0 measured; 3 filtered out; finished in 2.64s


running 1 test
{"cut":"complete","metadata":{"admission_operation":{"compensation_status":"not_compensated","coordinator_lease_epoch":1,"coordinator_lease_id":"01a0fe2e-7528-7010-ac4f-b1f1592b75a5","operation_id":"793c8c07461f41bef6f5749d497587a55711074f2072b44bc721e652afbd048e","projected_dispatch_state":"terminal","projected_operation_version":10,"projected_state":"completed","request_binding_hash":"b8394b7f124bc94ef0bd0933f67df1290ab3354b5ee8742c68300b890057f5d2","request_id":"process:7fd4b851bfd6b31354fa8ba35896586275d8c618e01937ff452fdc9dd9c598e9","request_namespace_digest":"01b8c772105ec0dcf9634a493f3507dff940778bc66ee7b527a653542387bf60","retained_dispatch_commit":{"committed_version":8,"coordinator_lease_epoch":1,"coordinator_lease_id":"01a0fe2e-7528-7010-ac4f-b1f1592b75a5","provider_attempt":{"attempt_id":"attempt:793c8c07461f41bef6f5749d497587a55711074f2072b44bc721e652afbd048e","operation_id":"793c8c07461f41bef6f5749d497587a55711074f2072b44bc721e652afbd048e","transport_id":"kernel-tool-server:tools","transport_key_epoch":1},"store_fence":{"lease_id":"01a0fe2e-7528-7010-ac4f-b1f1592b75a5","owner_epoch":1,"store_uuid":"01a0fe2e-7101-7c22-9169-4fb6da402a65"}},"schema":"chio.admission-receipt.v1","store_fence":{"lease_id":"01a0fe2e-7528-7010-ac4f-b1f1592b75a5","owner_epoch":1,"store_uuid":"01a0fe2e-7101-7c22-9169-4fb6da402a65"},"tool_outcome_id":"d66a4e9cbb4cce962bde64f8ac81d83a966855181c8531aab7e2ebf4fe97b68a","tool_outcome_version":2,"trusted_time_unix_ms":1790970853834},"attribution":{"delegation_depth":0,"grant_index":0,"issuer_key":"8139770ea87d175f56a35466c34c7ecccb8d8a91b4ee37a25df60f5b8fc9b394","subject_key":"0b513ad9b4924015ca0902ed079044d3ac5dbec2306f06948c10da8eb6e39f2d"},"chio_process":{"attempt":1,"operation_key":"work","process_id":"root","request_sha256":"be036328bb632edee02f88d454c898cc15f3248ad48b587080838556b27aa0cb","runtime_id":"7a5e1a46-59ab-49cf-b4f7-29abb6570ec5"},"chio_receipt_signing_nonce":"rcpt-01a0fe2e-79cf-7e21-9614-ac13ca30adcf","receipt_context":{"request_id":"process:7fd4b851bfd6b31354fa8ba35896586275d8c618e01937ff452fdc9dd9c598e9"}},"owner":2,"receipt_id":"ae80b3b8db772c58cf7f4ebcf050a0fb10921df930d3492510f7265310586d08","request_sha256":"be036328bb632edee02f88d454c898cc15f3248ad48b587080838556b27aa0cb","tree_calls":1,"verdict":"Allow"}
test owner_worker ... ok

test result: ok. 1 passed; 0 failed; 0 ignored; 0 measured; 3 filtered out; finished in 1.04s


running 1 test
{"cut":"complete","metadata":{"admission_operation":{"compensation_status":"not_compensated","coordinator_lease_epoch":1,"coordinator_lease_id":"01a0fe2e-6ae7-76f1-8f77-b0b2a4f1efe5","operation_id":"f3b42ef0e86bc3b02752798a42638b31fc4d1e5ec5e18c5bcdd4219e10bd1044","projected_dispatch_state":"terminal","projected_operation_version":10,"projected_state":"completed","request_binding_hash":"640499d700cd5c7a83f7dc8218b183a92a29681c43d727ecf9eb83f6bcd4061d","request_id":"process:65f34044fbcc16e371e892a041302d9298a824b57e21470e56c006556d07fa38","request_namespace_digest":"505b0811ef824cbba6bbdc211feff9f808af7c8df2a7726254c27ad9e5f24fa4","retained_dispatch_commit":{"committed_version":8,"coordinator_lease_epoch":1,"coordinator_lease_id":"01a0fe2e-6ae7-76f1-8f77-b0b2a4f1efe5","provider_attempt":{"attempt_id":"attempt:f3b42ef0e86bc3b02752798a42638b31fc4d1e5ec5e18c5bcdd4219e10bd1044","operation_id":"f3b42ef0e86bc3b02752798a42638b31fc4d1e5ec5e18c5bcdd4219e10bd1044","transport_id":"kernel-tool-server:tools","transport_key_epoch":1},"store_fence":{"lease_id":"01a0fe2e-6ae7-76f1-8f77-b0b2a4f1efe5","owner_epoch":1,"store_uuid":"01a0fe2e-669e-7b53-9bc6-5c8e890fef6e"}},"schema":"chio.admission-receipt.v1","store_fence":{"lease_id":"01a0fe2e-6ae7-76f1-8f77-b0b2a4f1efe5","owner_epoch":1,"store_uuid":"01a0fe2e-669e-7b53-9bc6-5c8e890fef6e"},"tool_outcome_id":"c44c4abe76114b9e5dde834203c027e0fbd21b41a98253e29938354affd30b61","tool_outcome_version":2,"trusted_time_unix_ms":1790970851215},"attribution":{"delegation_depth":0,"grant_index":0,"issuer_key":"8a88e3dd7409f195fd52db2d3cba5d72ca6709bf1d94121bf3748801b40f6f5c","subject_key":"66be7e332c7a453332bd9d0a7f7db055f5c5ef1a06ada66d98b39fb6810c473a"},"chio_process":{"attempt":1,"operation_key":"work","process_id":"root","request_sha256":"d781643051bcf1194df73b4cb3a8b6f39791dd1c286da5db6efcc5cd5af5e133","runtime_id":"7daedc26-6622-4e89-bcbd-14cc9f379cb4"},"chio_receipt_signing_nonce":"rcpt-01a0fe2e-6f94-7ba3-a141-34aaeba54b18","receipt_context":{"request_id":"process:65f34044fbcc16e371e892a041302d9298a824b57e21470e56c006556d07fa38"}},"owner":1,"receipt_id":"488ddf779555b0109757ad166d6594425ace2b50281d141963e74959f04d9274","request_sha256":"d781643051bcf1194df73b4cb3a8b6f39791dd1c286da5db6efcc5cd5af5e133","tree_calls":1,"verdict":"Allow"}
test owner_worker ... ok

test result: ok. 1 passed; 0 failed; 0 ignored; 0 measured; 3 filtered out; finished in 1.06s


running 1 test
{"cut":"complete","metadata":{"admission_operation":{"compensation_status":"not_compensated","coordinator_lease_epoch":1,"coordinator_lease_id":"01a0fe2e-6ae7-76f1-8f77-b0b2a4f1efe5","operation_id":"f3b42ef0e86bc3b02752798a42638b31fc4d1e5ec5e18c5bcdd4219e10bd1044","projected_dispatch_state":"terminal","projected_operation_version":10,"projected_state":"completed","request_binding_hash":"640499d700cd5c7a83f7dc8218b183a92a29681c43d727ecf9eb83f6bcd4061d","request_id":"process:65f34044fbcc16e371e892a041302d9298a824b57e21470e56c006556d07fa38","request_namespace_digest":"505b0811ef824cbba6bbdc211feff9f808af7c8df2a7726254c27ad9e5f24fa4","retained_dispatch_commit":{"committed_version":8,"coordinator_lease_epoch":1,"coordinator_lease_id":"01a0fe2e-6ae7-76f1-8f77-b0b2a4f1efe5","provider_attempt":{"attempt_id":"attempt:f3b42ef0e86bc3b02752798a42638b31fc4d1e5ec5e18c5bcdd4219e10bd1044","operation_id":"f3b42ef0e86bc3b02752798a42638b31fc4d1e5ec5e18c5bcdd4219e10bd1044","transport_id":"kernel-tool-server:tools","transport_key_epoch":1},"store_fence":{"lease_id":"01a0fe2e-6ae7-76f1-8f77-b0b2a4f1efe5","owner_epoch":1,"store_uuid":"01a0fe2e-669e-7b53-9bc6-5c8e890fef6e"}},"schema":"chio.admission-receipt.v1","store_fence":{"lease_id":"01a0fe2e-6ae7-76f1-8f77-b0b2a4f1efe5","owner_epoch":1,"store_uuid":"01a0fe2e-669e-7b53-9bc6-5c8e890fef6e"},"tool_outcome_id":"c44c4abe76114b9e5dde834203c027e0fbd21b41a98253e29938354affd30b61","tool_outcome_version":2,"trusted_time_unix_ms":1790970851215},"attribution":{"delegation_depth":0,"grant_index":0,"issuer_key":"8a88e3dd7409f195fd52db2d3cba5d72ca6709bf1d94121bf3748801b40f6f5c","subject_key":"66be7e332c7a453332bd9d0a7f7db055f5c5ef1a06ada66d98b39fb6810c473a"},"chio_process":{"attempt":1,"operation_key":"work","process_id":"root","request_sha256":"d781643051bcf1194df73b4cb3a8b6f39791dd1c286da5db6efcc5cd5af5e133","runtime_id":"7daedc26-6622-4e89-bcbd-14cc9f379cb4"},"chio_receipt_signing_nonce":"rcpt-01a0fe2e-6f94-7ba3-a141-34aaeba54b18","receipt_context":{"request_id":"process:65f34044fbcc16e371e892a041302d9298a824b57e21470e56c006556d07fa38"}},"owner":1,"receipt_id":"488ddf779555b0109757ad166d6594425ace2b50281d141963e74959f04d9274","request_sha256":"d781643051bcf1194df73b4cb3a8b6f39791dd1c286da5db6efcc5cd5af5e133","tree_calls":1,"verdict":"Allow"}
test owner_worker ... ok

test result: ok. 1 passed; 0 failed; 0 ignored; 0 measured; 3 filtered out; finished in 1.04s

{"cut":"after_outcome","effects":[{"arguments":{"recipient":"public-issue","source":"prepared-artifact","version":1},"owner":1},{"arguments":{"recipient":"public-issue","source":"prepared-artifact","version":1},"owner":2}],"first_owner_effects":1,"first_owner_unknown":false,"other_owners_completed":1,"owners":2,"scenario":"separate_owners"}

running 1 test

running 1 test
{"cut":"complete","metadata":{"admission_operation":{"compensation_status":"not_compensated","coordinator_lease_epoch":1,"coordinator_lease_id":"01a0fe2e-9667-7012-85f3-1980a5c40a9e","operation_id":"1360fc71ccfdbea9ff5650d60f61655d27d91917062016e2b4b8af7614b99d7f","projected_dispatch_state":"terminal","projected_operation_version":10,"projected_state":"completed","request_binding_hash":"b8394b7f124bc94ef0bd0933f67df1290ab3354b5ee8742c68300b890057f5d2","request_id":"process:0d5512ac8b4c824ed225a981016c8c91c12f0a956d7c790cc832e2c7d7adb31c","request_namespace_digest":"911925a196a0083efaacb0b31be4b047cca146bafec404f64d8ea9459f7a6200","retained_dispatch_commit":{"committed_version":8,"coordinator_lease_epoch":1,"coordinator_lease_id":"01a0fe2e-9667-7012-85f3-1980a5c40a9e","provider_attempt":{"attempt_id":"attempt:1360fc71ccfdbea9ff5650d60f61655d27d91917062016e2b4b8af7614b99d7f","operation_id":"1360fc71ccfdbea9ff5650d60f61655d27d91917062016e2b4b8af7614b99d7f","transport_id":"kernel-tool-server:tools","transport_key_epoch":1},"store_fence":{"lease_id":"01a0fe2e-9667-7012-85f3-1980a5c40a9e","owner_epoch":1,"store_uuid":"01a0fe2e-9230-7873-9cdc-40615bcfbbc6"}},"schema":"chio.admission-receipt.v1","store_fence":{"lease_id":"01a0fe2e-9667-7012-85f3-1980a5c40a9e","owner_epoch":1,"store_uuid":"01a0fe2e-9230-7873-9cdc-40615bcfbbc6"},"tool_outcome_id":"f7ddad38e5b6a0e9b15e3303e3711b93a32c79724601ba9380a26f947b9f6d54","tool_outcome_version":2,"trusted_time_unix_ms":1790970862318},"attribution":{"delegation_depth":0,"grant_index":0,"issuer_key":"8139770ea87d175f56a35466c34c7ecccb8d8a91b4ee37a25df60f5b8fc9b394","subject_key":"0b513ad9b4924015ca0902ed079044d3ac5dbec2306f06948c10da8eb6e39f2d"},"chio_process":{"attempt":1,"operation_key":"work","process_id":"root","request_sha256":"4ff6e8b137dc6bfb65c36dd9a738873e7905c476133833939d7df7c6d8de23ef","runtime_id":"ece67037-5071-4d3e-b17b-d8c3eb5f1577"},"chio_receipt_signing_nonce":"rcpt-01a0fe2e-9af3-7f01-a511-6911ab61ca9e","receipt_context":{"request_id":"process:0d5512ac8b4c824ed225a981016c8c91c12f0a956d7c790cc832e2c7d7adb31c"}},"owner":2,"receipt_id":"19ae8ca22a7e6edfeaef54e10c3fedbfcf0e2a7f60125ea1941e4650aadec914","request_sha256":"4ff6e8b137dc6bfb65c36dd9a738873e7905c476133833939d7df7c6d8de23ef","tree_calls":1,"verdict":"Allow"}
test owner_worker ... ok

test result: ok. 1 passed; 0 failed; 0 ignored; 0 measured; 3 filtered out; finished in 2.64s


running 1 test
{"cut":"complete","metadata":{"admission_operation":{"compensation_status":"not_compensated","coordinator_lease_epoch":1,"coordinator_lease_id":"01a0fe2e-9667-7012-85f3-1980a5c40a9e","operation_id":"1360fc71ccfdbea9ff5650d60f61655d27d91917062016e2b4b8af7614b99d7f","projected_dispatch_state":"terminal","projected_operation_version":10,"projected_state":"completed","request_binding_hash":"b8394b7f124bc94ef0bd0933f67df1290ab3354b5ee8742c68300b890057f5d2","request_id":"process:0d5512ac8b4c824ed225a981016c8c91c12f0a956d7c790cc832e2c7d7adb31c","request_namespace_digest":"911925a196a0083efaacb0b31be4b047cca146bafec404f64d8ea9459f7a6200","retained_dispatch_commit":{"committed_version":8,"coordinator_lease_epoch":1,"coordinator_lease_id":"01a0fe2e-9667-7012-85f3-1980a5c40a9e","provider_attempt":{"attempt_id":"attempt:1360fc71ccfdbea9ff5650d60f61655d27d91917062016e2b4b8af7614b99d7f","operation_id":"1360fc71ccfdbea9ff5650d60f61655d27d91917062016e2b4b8af7614b99d7f","transport_id":"kernel-tool-server:tools","transport_key_epoch":1},"store_fence":{"lease_id":"01a0fe2e-9667-7012-85f3-1980a5c40a9e","owner_epoch":1,"store_uuid":"01a0fe2e-9230-7873-9cdc-40615bcfbbc6"}},"schema":"chio.admission-receipt.v1","store_fence":{"lease_id":"01a0fe2e-9667-7012-85f3-1980a5c40a9e","owner_epoch":1,"store_uuid":"01a0fe2e-9230-7873-9cdc-40615bcfbbc6"},"tool_outcome_id":"f7ddad38e5b6a0e9b15e3303e3711b93a32c79724601ba9380a26f947b9f6d54","tool_outcome_version":2,"trusted_time_unix_ms":1790970862318},"attribution":{"delegation_depth":0,"grant_index":0,"issuer_key":"8139770ea87d175f56a35466c34c7ecccb8d8a91b4ee37a25df60f5b8fc9b394","subject_key":"0b513ad9b4924015ca0902ed079044d3ac5dbec2306f06948c10da8eb6e39f2d"},"chio_process":{"attempt":1,"operation_key":"work","process_id":"root","request_sha256":"4ff6e8b137dc6bfb65c36dd9a738873e7905c476133833939d7df7c6d8de23ef","runtime_id":"ece67037-5071-4d3e-b17b-d8c3eb5f1577"},"chio_receipt_signing_nonce":"rcpt-01a0fe2e-9af3-7f01-a511-6911ab61ca9e","receipt_context":{"request_id":"process:0d5512ac8b4c824ed225a981016c8c91c12f0a956d7c790cc832e2c7d7adb31c"}},"owner":2,"receipt_id":"19ae8ca22a7e6edfeaef54e10c3fedbfcf0e2a7f60125ea1941e4650aadec914","request_sha256":"4ff6e8b137dc6bfb65c36dd9a738873e7905c476133833939d7df7c6d8de23ef","tree_calls":1,"verdict":"Allow"}
test owner_worker ... ok

test result: ok. 1 passed; 0 failed; 0 ignored; 0 measured; 3 filtered out; finished in 1.03s


running 1 test
{"cut":"complete","metadata":{"admission_operation":{"compensation_status":"not_compensated","coordinator_lease_epoch":1,"coordinator_lease_id":"01a0fe2e-8c0b-7b32-a05c-2c0656b6f195","operation_id":"69684f4385d12544f003e18e8f263d1a308892b94f08d4bb06ed862c1f13b2ab","projected_dispatch_state":"terminal","projected_operation_version":10,"projected_state":"completed","request_binding_hash":"640499d700cd5c7a83f7dc8218b183a92a29681c43d727ecf9eb83f6bcd4061d","request_id":"process:9bf8dbc1d0f85c792fa91f28ed95f7b99527606573d1b3e6efe113bec60c81f5","request_namespace_digest":"2dac526935d665ac6bac2296f4391825687ba6552509ff84ce4da116e7002d12","retained_dispatch_commit":{"committed_version":8,"coordinator_lease_epoch":1,"coordinator_lease_id":"01a0fe2e-8c0b-7b32-a05c-2c0656b6f195","provider_attempt":{"attempt_id":"attempt:69684f4385d12544f003e18e8f263d1a308892b94f08d4bb06ed862c1f13b2ab","operation_id":"69684f4385d12544f003e18e8f263d1a308892b94f08d4bb06ed862c1f13b2ab","transport_id":"kernel-tool-server:tools","transport_key_epoch":1},"store_fence":{"lease_id":"01a0fe2e-8c0b-7b32-a05c-2c0656b6f195","owner_epoch":1,"store_uuid":"01a0fe2e-87c7-7db0-8593-b4c9819e5696"}},"schema":"chio.admission-receipt.v1","store_fence":{"lease_id":"01a0fe2e-8c0b-7b32-a05c-2c0656b6f195","owner_epoch":1,"store_uuid":"01a0fe2e-87c7-7db0-8593-b4c9819e5696"},"tool_outcome_id":"8e51cc24700af26384cbc724c3d25b5f8eba8b76effeabf549fcf9a094515aa8","tool_outcome_version":2,"trusted_time_unix_ms":1790970859695},"attribution":{"delegation_depth":0,"grant_index":0,"issuer_key":"8a88e3dd7409f195fd52db2d3cba5d72ca6709bf1d94121bf3748801b40f6f5c","subject_key":"66be7e332c7a453332bd9d0a7f7db055f5c5ef1a06ada66d98b39fb6810c473a"},"chio_process":{"attempt":1,"operation_key":"work","process_id":"root","request_sha256":"0bacbf4bf0d8a14f99b0b44c71453938d1f4ac3a298d0b691e5828450ca7ac92","runtime_id":"3c6f8164-fff6-4313-bfa3-fb36316abb0a"},"chio_receipt_signing_nonce":"rcpt-01a0fe2e-90b5-7951-8b13-7d116c35143d","receipt_context":{"request_id":"process:9bf8dbc1d0f85c792fa91f28ed95f7b99527606573d1b3e6efe113bec60c81f5"}},"owner":1,"receipt_id":"fc420b38dd1e67ddec50d3c5ade4b5a34c87fdc4aedabb50ec0c76f113b0f8e2","request_sha256":"0bacbf4bf0d8a14f99b0b44c71453938d1f4ac3a298d0b691e5828450ca7ac92","tree_calls":1,"verdict":"Allow"}
test owner_worker ... ok

test result: ok. 1 passed; 0 failed; 0 ignored; 0 measured; 3 filtered out; finished in 1.05s


running 1 test
{"cut":"complete","metadata":{"admission_operation":{"compensation_status":"not_compensated","coordinator_lease_epoch":1,"coordinator_lease_id":"01a0fe2e-8c0b-7b32-a05c-2c0656b6f195","operation_id":"69684f4385d12544f003e18e8f263d1a308892b94f08d4bb06ed862c1f13b2ab","projected_dispatch_state":"terminal","projected_operation_version":10,"projected_state":"completed","request_binding_hash":"640499d700cd5c7a83f7dc8218b183a92a29681c43d727ecf9eb83f6bcd4061d","request_id":"process:9bf8dbc1d0f85c792fa91f28ed95f7b99527606573d1b3e6efe113bec60c81f5","request_namespace_digest":"2dac526935d665ac6bac2296f4391825687ba6552509ff84ce4da116e7002d12","retained_dispatch_commit":{"committed_version":8,"coordinator_lease_epoch":1,"coordinator_lease_id":"01a0fe2e-8c0b-7b32-a05c-2c0656b6f195","provider_attempt":{"attempt_id":"attempt:69684f4385d12544f003e18e8f263d1a308892b94f08d4bb06ed862c1f13b2ab","operation_id":"69684f4385d12544f003e18e8f263d1a308892b94f08d4bb06ed862c1f13b2ab","transport_id":"kernel-tool-server:tools","transport_key_epoch":1},"store_fence":{"lease_id":"01a0fe2e-8c0b-7b32-a05c-2c0656b6f195","owner_epoch":1,"store_uuid":"01a0fe2e-87c7-7db0-8593-b4c9819e5696"}},"schema":"chio.admission-receipt.v1","store_fence":{"lease_id":"01a0fe2e-8c0b-7b32-a05c-2c0656b6f195","owner_epoch":1,"store_uuid":"01a0fe2e-87c7-7db0-8593-b4c9819e5696"},"tool_outcome_id":"8e51cc24700af26384cbc724c3d25b5f8eba8b76effeabf549fcf9a094515aa8","tool_outcome_version":2,"trusted_time_unix_ms":1790970859695},"attribution":{"delegation_depth":0,"grant_index":0,"issuer_key":"8a88e3dd7409f195fd52db2d3cba5d72ca6709bf1d94121bf3748801b40f6f5c","subject_key":"66be7e332c7a453332bd9d0a7f7db055f5c5ef1a06ada66d98b39fb6810c473a"},"chio_process":{"attempt":1,"operation_key":"work","process_id":"root","request_sha256":"0bacbf4bf0d8a14f99b0b44c71453938d1f4ac3a298d0b691e5828450ca7ac92","runtime_id":"3c6f8164-fff6-4313-bfa3-fb36316abb0a"},"chio_receipt_signing_nonce":"rcpt-01a0fe2e-90b5-7951-8b13-7d116c35143d","receipt_context":{"request_id":"process:9bf8dbc1d0f85c792fa91f28ed95f7b99527606573d1b3e6efe113bec60c81f5"}},"owner":1,"receipt_id":"fc420b38dd1e67ddec50d3c5ade4b5a34c87fdc4aedabb50ec0c76f113b0f8e2","request_sha256":"0bacbf4bf0d8a14f99b0b44c71453938d1f4ac3a298d0b691e5828450ca7ac92","tree_calls":1,"verdict":"Allow"}
test owner_worker ... ok

test result: ok. 1 passed; 0 failed; 0 ignored; 0 measured; 3 filtered out; finished in 1.02s

{"cut":"after_release","effects":[{"arguments":{"recipient":"public-issue","source":"prepared-artifact","version":1},"owner":1},{"arguments":{"recipient":"public-issue","source":"prepared-artifact","version":1},"owner":2}],"first_owner_effects":1,"first_owner_unknown":false,"other_owners_completed":1,"owners":2,"scenario":"separate_owners"}

running 1 test

running 1 test
{"cut":"complete","metadata":{"admission_operation":{"compensation_status":"not_compensated","coordinator_lease_epoch":1,"coordinator_lease_id":"01a0fe2e-b3d7-7be0-9053-36d83d92f3c5","operation_id":"992a56b98d647034cf55852f5bc3f605488ea10d01f6549cc575797490fbded3","projected_dispatch_state":"terminal","projected_operation_version":10,"projected_state":"completed","request_binding_hash":"b8394b7f124bc94ef0bd0933f67df1290ab3354b5ee8742c68300b890057f5d2","request_id":"process:e2a373d94b0ae39da96660a5b1ebe0b11cfdcf8a35db472b547de6993c873951","request_namespace_digest":"ff4bbae2d1957c23123573a7683c069b147ea5a91aa4a3129606f1ed8495c2bd","retained_dispatch_commit":{"committed_version":8,"coordinator_lease_epoch":1,"coordinator_lease_id":"01a0fe2e-b3d7-7be0-9053-36d83d92f3c5","provider_attempt":{"attempt_id":"attempt:992a56b98d647034cf55852f5bc3f605488ea10d01f6549cc575797490fbded3","operation_id":"992a56b98d647034cf55852f5bc3f605488ea10d01f6549cc575797490fbded3","transport_id":"kernel-tool-server:tools","transport_key_epoch":1},"store_fence":{"lease_id":"01a0fe2e-b3d7-7be0-9053-36d83d92f3c5","owner_epoch":1,"store_uuid":"01a0fe2e-af98-7932-8561-15a787eada05"}},"schema":"chio.admission-receipt.v1","store_fence":{"lease_id":"01a0fe2e-b3d7-7be0-9053-36d83d92f3c5","owner_epoch":1,"store_uuid":"01a0fe2e-af98-7932-8561-15a787eada05"},"tool_outcome_id":"a2d2fee7a3f536132d00da02bdff56aa78cfdccbc07a4fc1dc1a1ed66f45b2af","tool_outcome_version":2,"trusted_time_unix_ms":1790970869870},"attribution":{"delegation_depth":0,"grant_index":0,"issuer_key":"8139770ea87d175f56a35466c34c7ecccb8d8a91b4ee37a25df60f5b8fc9b394","subject_key":"0b513ad9b4924015ca0902ed079044d3ac5dbec2306f06948c10da8eb6e39f2d"},"chio_process":{"attempt":1,"operation_key":"work","process_id":"root","request_sha256":"e02c3ce4994d0a2ead21b7abc3e7c329eb46c517ce21d190291ecb2e5be5d636","runtime_id":"16f18d08-7cbb-4357-8d60-b7bba2989ed4"},"chio_receipt_signing_nonce":"rcpt-01a0fe2e-b873-7d02-a90d-9ffaf9e99b8e","receipt_context":{"request_id":"process:e2a373d94b0ae39da96660a5b1ebe0b11cfdcf8a35db472b547de6993c873951"}},"owner":2,"receipt_id":"6a1e232becf1d1cffbf221aa27d1d120c207f44cbce8fbf2c00da52ab494412a","request_sha256":"e02c3ce4994d0a2ead21b7abc3e7c329eb46c517ce21d190291ecb2e5be5d636","tree_calls":1,"verdict":"Allow"}
test owner_worker ... ok

test result: ok. 1 passed; 0 failed; 0 ignored; 0 measured; 3 filtered out; finished in 2.67s


running 1 test
{"cut":"complete","metadata":{"admission_operation":{"compensation_status":"not_compensated","coordinator_lease_epoch":1,"coordinator_lease_id":"01a0fe2e-b3d7-7be0-9053-36d83d92f3c5","operation_id":"992a56b98d647034cf55852f5bc3f605488ea10d01f6549cc575797490fbded3","projected_dispatch_state":"terminal","projected_operation_version":10,"projected_state":"completed","request_binding_hash":"b8394b7f124bc94ef0bd0933f67df1290ab3354b5ee8742c68300b890057f5d2","request_id":"process:e2a373d94b0ae39da96660a5b1ebe0b11cfdcf8a35db472b547de6993c873951","request_namespace_digest":"ff4bbae2d1957c23123573a7683c069b147ea5a91aa4a3129606f1ed8495c2bd","retained_dispatch_commit":{"committed_version":8,"coordinator_lease_epoch":1,"coordinator_lease_id":"01a0fe2e-b3d7-7be0-9053-36d83d92f3c5","provider_attempt":{"attempt_id":"attempt:992a56b98d647034cf55852f5bc3f605488ea10d01f6549cc575797490fbded3","operation_id":"992a56b98d647034cf55852f5bc3f605488ea10d01f6549cc575797490fbded3","transport_id":"kernel-tool-server:tools","transport_key_epoch":1},"store_fence":{"lease_id":"01a0fe2e-b3d7-7be0-9053-36d83d92f3c5","owner_epoch":1,"store_uuid":"01a0fe2e-af98-7932-8561-15a787eada05"}},"schema":"chio.admission-receipt.v1","store_fence":{"lease_id":"01a0fe2e-b3d7-7be0-9053-36d83d92f3c5","owner_epoch":1,"store_uuid":"01a0fe2e-af98-7932-8561-15a787eada05"},"tool_outcome_id":"a2d2fee7a3f536132d00da02bdff56aa78cfdccbc07a4fc1dc1a1ed66f45b2af","tool_outcome_version":2,"trusted_time_unix_ms":1790970869870},"attribution":{"delegation_depth":0,"grant_index":0,"issuer_key":"8139770ea87d175f56a35466c34c7ecccb8d8a91b4ee37a25df60f5b8fc9b394","subject_key":"0b513ad9b4924015ca0902ed079044d3ac5dbec2306f06948c10da8eb6e39f2d"},"chio_process":{"attempt":1,"operation_key":"work","process_id":"root","request_sha256":"e02c3ce4994d0a2ead21b7abc3e7c329eb46c517ce21d190291ecb2e5be5d636","runtime_id":"16f18d08-7cbb-4357-8d60-b7bba2989ed4"},"chio_receipt_signing_nonce":"rcpt-01a0fe2e-b873-7d02-a90d-9ffaf9e99b8e","receipt_context":{"request_id":"process:e2a373d94b0ae39da96660a5b1ebe0b11cfdcf8a35db472b547de6993c873951"}},"owner":2,"receipt_id":"6a1e232becf1d1cffbf221aa27d1d120c207f44cbce8fbf2c00da52ab494412a","request_sha256":"e02c3ce4994d0a2ead21b7abc3e7c329eb46c517ce21d190291ecb2e5be5d636","tree_calls":1,"verdict":"Allow"}
test owner_worker ... ok

test result: ok. 1 passed; 0 failed; 0 ignored; 0 measured; 3 filtered out; finished in 1.05s


running 1 test
{"cut":"complete","metadata":{"admission_operation":{"compensation_status":"not_compensated","coordinator_lease_epoch":1,"coordinator_lease_id":"01a0fe2e-c268-7852-a246-4be7cd31e2cc","operation_id":"38604506635cc1ff0cc3f2ef5b69d3724e4d412d02e3e5ac13248c3c861085c2","projected_dispatch_state":"terminal","projected_operation_version":10,"projected_state":"completed","request_binding_hash":"8a55379bd6bee725669aa5890a896ab47c1e8538bfd74208e97f0b1408f16a7f","request_id":"process:9de8b5b46f776cf8c9da3abbfe0f2d9b37649c1519f57cc1379e1fb1c72c13f8","request_namespace_digest":"1d692e4c78d07cdd8f068f626b8b40c2e988ea3bac4f557b394c4270a6e61b8d","retained_dispatch_commit":{"committed_version":8,"coordinator_lease_epoch":1,"coordinator_lease_id":"01a0fe2e-c268-7852-a246-4be7cd31e2cc","provider_attempt":{"attempt_id":"attempt:38604506635cc1ff0cc3f2ef5b69d3724e4d412d02e3e5ac13248c3c861085c2","operation_id":"38604506635cc1ff0cc3f2ef5b69d3724e4d412d02e3e5ac13248c3c861085c2","transport_id":"kernel-tool-server:tools","transport_key_epoch":1},"store_fence":{"lease_id":"01a0fe2e-c268-7852-a246-4be7cd31e2cc","owner_epoch":1,"store_uuid":"01a0fe2e-be27-79b0-be7f-4bdfa87e029d"}},"schema":"chio.admission-receipt.v1","store_fence":{"lease_id":"01a0fe2e-c268-7852-a246-4be7cd31e2cc","owner_epoch":1,"store_uuid":"01a0fe2e-be27-79b0-be7f-4bdfa87e029d"},"tool_outcome_id":"61ef23db3556170e1562713bde0e7ef162b9b0383b7041302f4cb9e0f1084e00","tool_outcome_version":2,"trusted_time_unix_ms":1790970873585},"attribution":{"delegation_depth":0,"grant_index":0,"issuer_key":"ed4928c628d1c2c6eae90338905995612959273a5c63f93636c14614ac8737d1","subject_key":"91a28a0b74381593a4d9469579208926afc8ad82c8839b7644359b9eba9a4b3a"},"chio_process":{"attempt":1,"operation_key":"work","process_id":"root","request_sha256":"981fc99d5d9f91a61d7176afaae0004b0daf39e225908477584f832757a7dbe2","runtime_id":"fec8994e-150a-4bd8-8fe6-f09f83f92143"},"chio_receipt_signing_nonce":"rcpt-01a0fe2e-c6f6-7dd0-9b64-90822cc5ad9e","receipt_context":{"request_id":"process:9de8b5b46f776cf8c9da3abbfe0f2d9b37649c1519f57cc1379e1fb1c72c13f8"}},"owner":3,"receipt_id":"dca5663c439f67b46fc4bfdfabf289b61bddf03bdee1d1e23fc3ea7dfd45fae2","request_sha256":"981fc99d5d9f91a61d7176afaae0004b0daf39e225908477584f832757a7dbe2","tree_calls":1,"verdict":"Allow"}
test owner_worker ... ok

test result: ok. 1 passed; 0 failed; 0 ignored; 0 measured; 3 filtered out; finished in 2.66s


running 1 test
{"cut":"complete","metadata":{"admission_operation":{"compensation_status":"not_compensated","coordinator_lease_epoch":1,"coordinator_lease_id":"01a0fe2e-c268-7852-a246-4be7cd31e2cc","operation_id":"38604506635cc1ff0cc3f2ef5b69d3724e4d412d02e3e5ac13248c3c861085c2","projected_dispatch_state":"terminal","projected_operation_version":10,"projected_state":"completed","request_binding_hash":"8a55379bd6bee725669aa5890a896ab47c1e8538bfd74208e97f0b1408f16a7f","request_id":"process:9de8b5b46f776cf8c9da3abbfe0f2d9b37649c1519f57cc1379e1fb1c72c13f8","request_namespace_digest":"1d692e4c78d07cdd8f068f626b8b40c2e988ea3bac4f557b394c4270a6e61b8d","retained_dispatch_commit":{"committed_version":8,"coordinator_lease_epoch":1,"coordinator_lease_id":"01a0fe2e-c268-7852-a246-4be7cd31e2cc","provider_attempt":{"attempt_id":"attempt:38604506635cc1ff0cc3f2ef5b69d3724e4d412d02e3e5ac13248c3c861085c2","operation_id":"38604506635cc1ff0cc3f2ef5b69d3724e4d412d02e3e5ac13248c3c861085c2","transport_id":"kernel-tool-server:tools","transport_key_epoch":1},"store_fence":{"lease_id":"01a0fe2e-c268-7852-a246-4be7cd31e2cc","owner_epoch":1,"store_uuid":"01a0fe2e-be27-79b0-be7f-4bdfa87e029d"}},"schema":"chio.admission-receipt.v1","store_fence":{"lease_id":"01a0fe2e-c268-7852-a246-4be7cd31e2cc","owner_epoch":1,"store_uuid":"01a0fe2e-be27-79b0-be7f-4bdfa87e029d"},"tool_outcome_id":"61ef23db3556170e1562713bde0e7ef162b9b0383b7041302f4cb9e0f1084e00","tool_outcome_version":2,"trusted_time_unix_ms":1790970873585},"attribution":{"delegation_depth":0,"grant_index":0,"issuer_key":"ed4928c628d1c2c6eae90338905995612959273a5c63f93636c14614ac8737d1","subject_key":"91a28a0b74381593a4d9469579208926afc8ad82c8839b7644359b9eba9a4b3a"},"chio_process":{"attempt":1,"operation_key":"work","process_id":"root","request_sha256":"981fc99d5d9f91a61d7176afaae0004b0daf39e225908477584f832757a7dbe2","runtime_id":"fec8994e-150a-4bd8-8fe6-f09f83f92143"},"chio_receipt_signing_nonce":"rcpt-01a0fe2e-c6f6-7dd0-9b64-90822cc5ad9e","receipt_context":{"request_id":"process:9de8b5b46f776cf8c9da3abbfe0f2d9b37649c1519f57cc1379e1fb1c72c13f8"}},"owner":3,"receipt_id":"dca5663c439f67b46fc4bfdfabf289b61bddf03bdee1d1e23fc3ea7dfd45fae2","request_sha256":"981fc99d5d9f91a61d7176afaae0004b0daf39e225908477584f832757a7dbe2","tree_calls":1,"verdict":"Allow"}
test owner_worker ... ok

test result: ok. 1 passed; 0 failed; 0 ignored; 0 measured; 3 filtered out; finished in 1.04s


running 1 test
{"cut":"complete","metadata":{"admission_operation":{"compensation_status":"not_compensated","coordinator_lease_epoch":2,"coordinator_lease_id":"01a0fe2e-cd4e-7862-9c47-1371450c6f49","operation_id":"64a981902ba3a26b7f348a9eb6f37f1dc04172f7092aacbc66fb64f4a82c3d66","projected_dispatch_state":"terminal","projected_operation_version":10,"projected_state":"completed","request_binding_hash":"640499d700cd5c7a83f7dc8218b183a92a29681c43d727ecf9eb83f6bcd4061d","request_id":"process:9edfd400639801f5e8dfe9c2f6af86e0f81cb5b5cc15f4c7759a822d320ec97b","request_namespace_digest":"ea76fda2890f4f1d8400d911be39b048b3a3f47d84ee5ce17d19c737122daaee","retained_dispatch_commit":{"committed_version":8,"coordinator_lease_epoch":2,"coordinator_lease_id":"01a0fe2e-cd4e-7862-9c47-1371450c6f49","provider_attempt":{"attempt_id":"attempt:64a981902ba3a26b7f348a9eb6f37f1dc04172f7092aacbc66fb64f4a82c3d66","operation_id":"64a981902ba3a26b7f348a9eb6f37f1dc04172f7092aacbc66fb64f4a82c3d66","transport_id":"kernel-tool-server:tools","transport_key_epoch":2},"store_fence":{"lease_id":"01a0fe2e-cd4e-7862-9c47-1371450c6f49","owner_epoch":2,"store_uuid":"01a0fe2e-a8cf-7d62-8991-338d79ce50aa"}},"schema":"chio.admission-receipt.v1","store_fence":{"lease_id":"01a0fe2e-cd4e-7862-9c47-1371450c6f49","owner_epoch":2,"store_uuid":"01a0fe2e-a8cf-7d62-8991-338d79ce50aa"},"tool_outcome_id":"d374d698528da20c1430a664d533447815ea1510760a385ad57352b2b071b9a8","tool_outcome_version":2,"trusted_time_unix_ms":1790970876312},"attribution":{"delegation_depth":0,"grant_index":0,"issuer_key":"8a88e3dd7409f195fd52db2d3cba5d72ca6709bf1d94121bf3748801b40f6f5c","subject_key":"66be7e332c7a453332bd9d0a7f7db055f5c5ef1a06ada66d98b39fb6810c473a"},"chio_process":{"attempt":1,"operation_key":"work","process_id":"root","request_sha256":"3217dd302ae68d5ec4ce3002c54ac509782047082faee18fa2c06c3703c4ddd9","runtime_id":"439a68fa-1ad1-41b8-b483-d5b2ca350242"},"chio_receipt_signing_nonce":"rcpt-01a0fe2e-d19d-7850-b4d0-1b86f1b3ca24","receipt_context":{"request_id":"process:9edfd400639801f5e8dfe9c2f6af86e0f81cb5b5cc15f4c7759a822d320ec97b"}},"owner":1,"receipt_id":"43048093c692667ba81e58de86877ac72267df9b31eeb46466e2627e1c8b8798","request_sha256":"3217dd302ae68d5ec4ce3002c54ac509782047082faee18fa2c06c3703c4ddd9","tree_calls":1,"verdict":"Allow"}
test owner_worker ... ok

test result: ok. 1 passed; 0 failed; 0 ignored; 0 measured; 3 filtered out; finished in 1.67s


running 1 test
{"cut":"complete","metadata":{"admission_operation":{"compensation_status":"not_compensated","coordinator_lease_epoch":2,"coordinator_lease_id":"01a0fe2e-cd4e-7862-9c47-1371450c6f49","operation_id":"64a981902ba3a26b7f348a9eb6f37f1dc04172f7092aacbc66fb64f4a82c3d66","projected_dispatch_state":"terminal","projected_operation_version":10,"projected_state":"completed","request_binding_hash":"640499d700cd5c7a83f7dc8218b183a92a29681c43d727ecf9eb83f6bcd4061d","request_id":"process:9edfd400639801f5e8dfe9c2f6af86e0f81cb5b5cc15f4c7759a822d320ec97b","request_namespace_digest":"ea76fda2890f4f1d8400d911be39b048b3a3f47d84ee5ce17d19c737122daaee","retained_dispatch_commit":{"committed_version":8,"coordinator_lease_epoch":2,"coordinator_lease_id":"01a0fe2e-cd4e-7862-9c47-1371450c6f49","provider_attempt":{"attempt_id":"attempt:64a981902ba3a26b7f348a9eb6f37f1dc04172f7092aacbc66fb64f4a82c3d66","operation_id":"64a981902ba3a26b7f348a9eb6f37f1dc04172f7092aacbc66fb64f4a82c3d66","transport_id":"kernel-tool-server:tools","transport_key_epoch":2},"store_fence":{"lease_id":"01a0fe2e-cd4e-7862-9c47-1371450c6f49","owner_epoch":2,"store_uuid":"01a0fe2e-a8cf-7d62-8991-338d79ce50aa"}},"schema":"chio.admission-receipt.v1","store_fence":{"lease_id":"01a0fe2e-cd4e-7862-9c47-1371450c6f49","owner_epoch":2,"store_uuid":"01a0fe2e-a8cf-7d62-8991-338d79ce50aa"},"tool_outcome_id":"d374d698528da20c1430a664d533447815ea1510760a385ad57352b2b071b9a8","tool_outcome_version":2,"trusted_time_unix_ms":1790970876312},"attribution":{"delegation_depth":0,"grant_index":0,"issuer_key":"8a88e3dd7409f195fd52db2d3cba5d72ca6709bf1d94121bf3748801b40f6f5c","subject_key":"66be7e332c7a453332bd9d0a7f7db055f5c5ef1a06ada66d98b39fb6810c473a"},"chio_process":{"attempt":1,"operation_key":"work","process_id":"root","request_sha256":"3217dd302ae68d5ec4ce3002c54ac509782047082faee18fa2c06c3703c4ddd9","runtime_id":"439a68fa-1ad1-41b8-b483-d5b2ca350242"},"chio_receipt_signing_nonce":"rcpt-01a0fe2e-d19d-7850-b4d0-1b86f1b3ca24","receipt_context":{"request_id":"process:9edfd400639801f5e8dfe9c2f6af86e0f81cb5b5cc15f4c7759a822d320ec97b"}},"owner":1,"receipt_id":"43048093c692667ba81e58de86877ac72267df9b31eeb46466e2627e1c8b8798","request_sha256":"3217dd302ae68d5ec4ce3002c54ac509782047082faee18fa2c06c3703c4ddd9","tree_calls":1,"verdict":"Allow"}
test owner_worker ... ok

test result: ok. 1 passed; 0 failed; 0 ignored; 0 measured; 3 filtered out; finished in 1.03s

{"cut":"before_admission","effects":[{"arguments":{"recipient":"public-issue","source":"prepared-artifact","version":1},"owner":2},{"arguments":{"recipient":"public-issue","source":"prepared-artifact","version":1},"owner":3},{"arguments":{"recipient":"public-issue","source":"prepared-artifact","version":1},"owner":1}],"first_owner_effects":1,"first_owner_unknown":false,"other_owners_completed":2,"owners":3,"scenario":"separate_owners"}

running 1 test

running 1 test
test separate_owners_keep_exact_custody_across_real_process_death has been running for over 60 seconds
{"cut":"complete","metadata":{"admission_operation":{"compensation_status":"not_compensated","coordinator_lease_epoch":1,"coordinator_lease_id":"01a0fe2e-e46c-7683-85c3-c1a84d433055","operation_id":"a786030c2c498f662acf35971f8c7bbb94478a7a2f6846f71b1494ebac4b04dc","projected_dispatch_state":"terminal","projected_operation_version":10,"projected_state":"completed","request_binding_hash":"b8394b7f124bc94ef0bd0933f67df1290ab3354b5ee8742c68300b890057f5d2","request_id":"process:2345f319f131d470a6e81a9da8f6fe1e62f9f286ef369761efdd4cd3a8b874b5","request_namespace_digest":"0262c639b15b967ad1b91a660e1b2f1873b347003bf195c1b13a8b23e4c3731b","retained_dispatch_commit":{"committed_version":8,"coordinator_lease_epoch":1,"coordinator_lease_id":"01a0fe2e-e46c-7683-85c3-c1a84d433055","provider_attempt":{"attempt_id":"attempt:a786030c2c498f662acf35971f8c7bbb94478a7a2f6846f71b1494ebac4b04dc","operation_id":"a786030c2c498f662acf35971f8c7bbb94478a7a2f6846f71b1494ebac4b04dc","transport_id":"kernel-tool-server:tools","transport_key_epoch":1},"store_fence":{"lease_id":"01a0fe2e-e46c-7683-85c3-c1a84d433055","owner_epoch":1,"store_uuid":"01a0fe2e-e02e-73c0-bc26-c7f3c73d609f"}},"schema":"chio.admission-receipt.v1","store_fence":{"lease_id":"01a0fe2e-e46c-7683-85c3-c1a84d433055","owner_epoch":1,"store_uuid":"01a0fe2e-e02e-73c0-bc26-c7f3c73d609f"},"tool_outcome_id":"a70f14dfbf4a6abd8e4544484831fcece1ef8970b5119a05731d0f1d843fbd46","tool_outcome_version":2,"trusted_time_unix_ms":1790970882313},"attribution":{"delegation_depth":0,"grant_index":0,"issuer_key":"8139770ea87d175f56a35466c34c7ecccb8d8a91b4ee37a25df60f5b8fc9b394","subject_key":"0b513ad9b4924015ca0902ed079044d3ac5dbec2306f06948c10da8eb6e39f2d"},"chio_process":{"attempt":1,"operation_key":"work","process_id":"root","request_sha256":"06b6c0f093b8f91bc8bec3d7d922b8f7d7a9e6a54091a60e04f32a1c50fc96d0","runtime_id":"178a8623-911c-4e92-ae7a-f852f54bea8e"},"chio_receipt_signing_nonce":"rcpt-01a0fe2e-e90f-7b72-a123-91e5e242c005","receipt_context":{"request_id":"process:2345f319f131d470a6e81a9da8f6fe1e62f9f286ef369761efdd4cd3a8b874b5"}},"owner":2,"receipt_id":"660dbec301abe559095bb134bb0e7f312651724b02d168236bb452b26d6e2973","request_sha256":"06b6c0f093b8f91bc8bec3d7d922b8f7d7a9e6a54091a60e04f32a1c50fc96d0","tree_calls":1,"verdict":"Allow"}
test owner_worker ... ok

test result: ok. 1 passed; 0 failed; 0 ignored; 0 measured; 3 filtered out; finished in 2.66s


running 1 test
{"cut":"complete","metadata":{"admission_operation":{"compensation_status":"not_compensated","coordinator_lease_epoch":1,"coordinator_lease_id":"01a0fe2e-e46c-7683-85c3-c1a84d433055","operation_id":"a786030c2c498f662acf35971f8c7bbb94478a7a2f6846f71b1494ebac4b04dc","projected_dispatch_state":"terminal","projected_operation_version":10,"projected_state":"completed","request_binding_hash":"b8394b7f124bc94ef0bd0933f67df1290ab3354b5ee8742c68300b890057f5d2","request_id":"process:2345f319f131d470a6e81a9da8f6fe1e62f9f286ef369761efdd4cd3a8b874b5","request_namespace_digest":"0262c639b15b967ad1b91a660e1b2f1873b347003bf195c1b13a8b23e4c3731b","retained_dispatch_commit":{"committed_version":8,"coordinator_lease_epoch":1,"coordinator_lease_id":"01a0fe2e-e46c-7683-85c3-c1a84d433055","provider_attempt":{"attempt_id":"attempt:a786030c2c498f662acf35971f8c7bbb94478a7a2f6846f71b1494ebac4b04dc","operation_id":"a786030c2c498f662acf35971f8c7bbb94478a7a2f6846f71b1494ebac4b04dc","transport_id":"kernel-tool-server:tools","transport_key_epoch":1},"store_fence":{"lease_id":"01a0fe2e-e46c-7683-85c3-c1a84d433055","owner_epoch":1,"store_uuid":"01a0fe2e-e02e-73c0-bc26-c7f3c73d609f"}},"schema":"chio.admission-receipt.v1","store_fence":{"lease_id":"01a0fe2e-e46c-7683-85c3-c1a84d433055","owner_epoch":1,"store_uuid":"01a0fe2e-e02e-73c0-bc26-c7f3c73d609f"},"tool_outcome_id":"a70f14dfbf4a6abd8e4544484831fcece1ef8970b5119a05731d0f1d843fbd46","tool_outcome_version":2,"trusted_time_unix_ms":1790970882313},"attribution":{"delegation_depth":0,"grant_index":0,"issuer_key":"8139770ea87d175f56a35466c34c7ecccb8d8a91b4ee37a25df60f5b8fc9b394","subject_key":"0b513ad9b4924015ca0902ed079044d3ac5dbec2306f06948c10da8eb6e39f2d"},"chio_process":{"attempt":1,"operation_key":"work","process_id":"root","request_sha256":"06b6c0f093b8f91bc8bec3d7d922b8f7d7a9e6a54091a60e04f32a1c50fc96d0","runtime_id":"178a8623-911c-4e92-ae7a-f852f54bea8e"},"chio_receipt_signing_nonce":"rcpt-01a0fe2e-e90f-7b72-a123-91e5e242c005","receipt_context":{"request_id":"process:2345f319f131d470a6e81a9da8f6fe1e62f9f286ef369761efdd4cd3a8b874b5"}},"owner":2,"receipt_id":"660dbec301abe559095bb134bb0e7f312651724b02d168236bb452b26d6e2973","request_sha256":"06b6c0f093b8f91bc8bec3d7d922b8f7d7a9e6a54091a60e04f32a1c50fc96d0","tree_calls":1,"verdict":"Allow"}
test owner_worker ... ok

test result: ok. 1 passed; 0 failed; 0 ignored; 0 measured; 3 filtered out; finished in 1.03s


running 1 test
{"cut":"complete","metadata":{"admission_operation":{"compensation_status":"not_compensated","coordinator_lease_epoch":1,"coordinator_lease_id":"01a0fe2e-f2dc-7692-a006-f3b249d7d4ba","operation_id":"349bf827136bf1118e88f9a3f2e80b9f7a5278f7f8b9c56e33bb3d00812d8f80","projected_dispatch_state":"terminal","projected_operation_version":10,"projected_state":"completed","request_binding_hash":"8a55379bd6bee725669aa5890a896ab47c1e8538bfd74208e97f0b1408f16a7f","request_id":"process:6cc0c02e8ecb52349614a7e5c062290e5a4a63a86a4b1a7a695d80ecc95c3497","request_namespace_digest":"ca71d8d9bdbe10ed728a1c086703a26aeac5f324608d753bc6e3e0671c729445","retained_dispatch_commit":{"committed_version":8,"coordinator_lease_epoch":1,"coordinator_lease_id":"01a0fe2e-f2dc-7692-a006-f3b249d7d4ba","provider_attempt":{"attempt_id":"attempt:349bf827136bf1118e88f9a3f2e80b9f7a5278f7f8b9c56e33bb3d00812d8f80","operation_id":"349bf827136bf1118e88f9a3f2e80b9f7a5278f7f8b9c56e33bb3d00812d8f80","transport_id":"kernel-tool-server:tools","transport_key_epoch":1},"store_fence":{"lease_id":"01a0fe2e-f2dc-7692-a006-f3b249d7d4ba","owner_epoch":1,"store_uuid":"01a0fe2e-eeb2-7190-8989-9be8961504c7"}},"schema":"chio.admission-receipt.v1","store_fence":{"lease_id":"01a0fe2e-f2dc-7692-a006-f3b249d7d4ba","owner_epoch":1,"store_uuid":"01a0fe2e-eeb2-7190-8989-9be8961504c7"},"tool_outcome_id":"2452bc7991338255832e9d7904079afdfd45c3b03acc9ec96d31c024f9bfbe8e","tool_outcome_version":2,"trusted_time_unix_ms":1790970886024},"attribution":{"delegation_depth":0,"grant_index":0,"issuer_key":"ed4928c628d1c2c6eae90338905995612959273a5c63f93636c14614ac8737d1","subject_key":"91a28a0b74381593a4d9469579208926afc8ad82c8839b7644359b9eba9a4b3a"},"chio_process":{"attempt":1,"operation_key":"work","process_id":"root","request_sha256":"b562444018036b47f302e4ae497ea7891331e90326d8f49422ead6ab53058795","runtime_id":"d5c00568-af71-4fc9-acd5-d02fdc2ebf18"},"chio_receipt_signing_nonce":"rcpt-01a0fe2e-f78d-7533-85fa-c54f877ae6cd","receipt_context":{"request_id":"process:6cc0c02e8ecb52349614a7e5c062290e5a4a63a86a4b1a7a695d80ecc95c3497"}},"owner":3,"receipt_id":"f0d0283e0b6c790792db6f394a9e1af5f77f5638fa81484e911faa7c71901808","request_sha256":"b562444018036b47f302e4ae497ea7891331e90326d8f49422ead6ab53058795","tree_calls":1,"verdict":"Allow"}
test owner_worker ... ok

test result: ok. 1 passed; 0 failed; 0 ignored; 0 measured; 3 filtered out; finished in 2.67s


running 1 test
{"cut":"complete","metadata":{"admission_operation":{"compensation_status":"not_compensated","coordinator_lease_epoch":1,"coordinator_lease_id":"01a0fe2e-f2dc-7692-a006-f3b249d7d4ba","operation_id":"349bf827136bf1118e88f9a3f2e80b9f7a5278f7f8b9c56e33bb3d00812d8f80","projected_dispatch_state":"terminal","projected_operation_version":10,"projected_state":"completed","request_binding_hash":"8a55379bd6bee725669aa5890a896ab47c1e8538bfd74208e97f0b1408f16a7f","request_id":"process:6cc0c02e8ecb52349614a7e5c062290e5a4a63a86a4b1a7a695d80ecc95c3497","request_namespace_digest":"ca71d8d9bdbe10ed728a1c086703a26aeac5f324608d753bc6e3e0671c729445","retained_dispatch_commit":{"committed_version":8,"coordinator_lease_epoch":1,"coordinator_lease_id":"01a0fe2e-f2dc-7692-a006-f3b249d7d4ba","provider_attempt":{"attempt_id":"attempt:349bf827136bf1118e88f9a3f2e80b9f7a5278f7f8b9c56e33bb3d00812d8f80","operation_id":"349bf827136bf1118e88f9a3f2e80b9f7a5278f7f8b9c56e33bb3d00812d8f80","transport_id":"kernel-tool-server:tools","transport_key_epoch":1},"store_fence":{"lease_id":"01a0fe2e-f2dc-7692-a006-f3b249d7d4ba","owner_epoch":1,"store_uuid":"01a0fe2e-eeb2-7190-8989-9be8961504c7"}},"schema":"chio.admission-receipt.v1","store_fence":{"lease_id":"01a0fe2e-f2dc-7692-a006-f3b249d7d4ba","owner_epoch":1,"store_uuid":"01a0fe2e-eeb2-7190-8989-9be8961504c7"},"tool_outcome_id":"2452bc7991338255832e9d7904079afdfd45c3b03acc9ec96d31c024f9bfbe8e","tool_outcome_version":2,"trusted_time_unix_ms":1790970886024},"attribution":{"delegation_depth":0,"grant_index":0,"issuer_key":"ed4928c628d1c2c6eae90338905995612959273a5c63f93636c14614ac8737d1","subject_key":"91a28a0b74381593a4d9469579208926afc8ad82c8839b7644359b9eba9a4b3a"},"chio_process":{"attempt":1,"operation_key":"work","process_id":"root","request_sha256":"b562444018036b47f302e4ae497ea7891331e90326d8f49422ead6ab53058795","runtime_id":"d5c00568-af71-4fc9-acd5-d02fdc2ebf18"},"chio_receipt_signing_nonce":"rcpt-01a0fe2e-f78d-7533-85fa-c54f877ae6cd","receipt_context":{"request_id":"process:6cc0c02e8ecb52349614a7e5c062290e5a4a63a86a4b1a7a695d80ecc95c3497"}},"owner":3,"receipt_id":"f0d0283e0b6c790792db6f394a9e1af5f77f5638fa81484e911faa7c71901808","request_sha256":"b562444018036b47f302e4ae497ea7891331e90326d8f49422ead6ab53058795","tree_calls":1,"verdict":"Allow"}
test owner_worker ... ok

test result: ok. 1 passed; 0 failed; 0 ignored; 0 measured; 3 filtered out; finished in 1.05s


running 1 test
{"cut":"recover_unknown","metadata":{"admission_operation":{"compensation_status":"not_compensated","coordinator_lease_epoch":1,"coordinator_lease_id":"01a0fe2e-db7e-72f3-b60b-1723d6e8cd4c","operation_id":"f0be746bbd2ee867bcb804615fc810408cfeb0e9de71993f7a9fc759e0297157","projected_dispatch_state":"terminal","projected_operation_version":9,"projected_state":"outcome_unknown_after_dispatch","request_binding_hash":"640499d700cd5c7a83f7dc8218b183a92a29681c43d727ecf9eb83f6bcd4061d","request_id":"process:6f4e16a6da3d2e53d1ff0c59b666058ca65296b3c87ce133d07a1ba1478d9a62","request_namespace_digest":"8c0cddfe123e3936bc62a6277f83d164979587e2df643dc86e648ac961b27871","retained_dispatch_commit":{"committed_version":8,"coordinator_lease_epoch":1,"coordinator_lease_id":"01a0fe2e-db7e-72f3-b60b-1723d6e8cd4c","provider_attempt":{"attempt_id":"attempt:f0be746bbd2ee867bcb804615fc810408cfeb0e9de71993f7a9fc759e0297157","operation_id":"f0be746bbd2ee867bcb804615fc810408cfeb0e9de71993f7a9fc759e0297157","transport_id":"kernel-tool-server:tools","transport_key_epoch":1},"store_fence":{"lease_id":"01a0fe2e-db7e-72f3-b60b-1723d6e8cd4c","owner_epoch":1,"store_uuid":"01a0fe2e-d74e-7762-a907-93b9d085b544"}},"schema":"chio.admission-receipt.v1","store_fence":{"lease_id":"01a0fe2e-db7e-72f3-b60b-1723d6e8cd4c","owner_epoch":1,"store_uuid":"01a0fe2e-d74e-7762-a907-93b9d085b544"},"tool_outcome_id":null,"tool_outcome_version":null,"trusted_time_unix_ms":1790970888218},"attribution":{"delegation_depth":0,"issuer_key":"8a88e3dd7409f195fd52db2d3cba5d72ca6709bf1d94121bf3748801b40f6f5c","subject_key":"66be7e332c7a453332bd9d0a7f7db055f5c5ef1a06ada66d98b39fb6810c473a"},"chio_process":{"attempt":1,"operation_key":"work","process_id":"root","request_sha256":"3de5ebaed1c440bc0cd907bb82eb6f648897e92bcfaa3f00264f9be3aed1e9d1","runtime_id":"56df1936-73ee-4282-817d-d92b79c76451"},"chio_receipt_signing_nonce":"rcpt-01a0fe2f-002b-7471-8d6c-916e1a5d2fd6","receipt_context":{"request_id":"process:6f4e16a6da3d2e53d1ff0c59b666058ca65296b3c87ce133d07a1ba1478d9a62"}},"owner":1,"receipt_id":"7e060a5c7958faf4ce3c35550a5d44ca93ed63f7506bad420cf2ae8627a43087","request_sha256":"3de5ebaed1c440bc0cd907bb82eb6f648897e92bcfaa3f00264f9be3aed1e9d1","tree_calls":1,"verdict":"Deny"}
test owner_worker ... ok

test result: ok. 1 passed; 0 failed; 0 ignored; 0 measured; 3 filtered out; finished in 1.03s


running 1 test
{"cut":"recover_unknown","metadata":{"admission_operation":{"compensation_status":"not_compensated","coordinator_lease_epoch":1,"coordinator_lease_id":"01a0fe2e-db7e-72f3-b60b-1723d6e8cd4c","operation_id":"f0be746bbd2ee867bcb804615fc810408cfeb0e9de71993f7a9fc759e0297157","projected_dispatch_state":"terminal","projected_operation_version":9,"projected_state":"outcome_unknown_after_dispatch","request_binding_hash":"640499d700cd5c7a83f7dc8218b183a92a29681c43d727ecf9eb83f6bcd4061d","request_id":"process:6f4e16a6da3d2e53d1ff0c59b666058ca65296b3c87ce133d07a1ba1478d9a62","request_namespace_digest":"8c0cddfe123e3936bc62a6277f83d164979587e2df643dc86e648ac961b27871","retained_dispatch_commit":{"committed_version":8,"coordinator_lease_epoch":1,"coordinator_lease_id":"01a0fe2e-db7e-72f3-b60b-1723d6e8cd4c","provider_attempt":{"attempt_id":"attempt:f0be746bbd2ee867bcb804615fc810408cfeb0e9de71993f7a9fc759e0297157","operation_id":"f0be746bbd2ee867bcb804615fc810408cfeb0e9de71993f7a9fc759e0297157","transport_id":"kernel-tool-server:tools","transport_key_epoch":1},"store_fence":{"lease_id":"01a0fe2e-db7e-72f3-b60b-1723d6e8cd4c","owner_epoch":1,"store_uuid":"01a0fe2e-d74e-7762-a907-93b9d085b544"}},"schema":"chio.admission-receipt.v1","store_fence":{"lease_id":"01a0fe2e-db7e-72f3-b60b-1723d6e8cd4c","owner_epoch":1,"store_uuid":"01a0fe2e-d74e-7762-a907-93b9d085b544"},"tool_outcome_id":null,"tool_outcome_version":null,"trusted_time_unix_ms":1790970889146},"attribution":{"delegation_depth":0,"issuer_key":"8a88e3dd7409f195fd52db2d3cba5d72ca6709bf1d94121bf3748801b40f6f5c","subject_key":"66be7e332c7a453332bd9d0a7f7db055f5c5ef1a06ada66d98b39fb6810c473a"},"chio_process":{"attempt":1,"operation_key":"work","process_id":"root","request_sha256":"3de5ebaed1c440bc0cd907bb82eb6f648897e92bcfaa3f00264f9be3aed1e9d1","runtime_id":"56df1936-73ee-4282-817d-d92b79c76451"},"chio_receipt_signing_nonce":"rcpt-01a0fe2f-03cb-73f3-9db6-43b069b4222e","receipt_context":{"request_id":"process:6f4e16a6da3d2e53d1ff0c59b666058ca65296b3c87ce133d07a1ba1478d9a62"}},"owner":1,"receipt_id":"70e32b9a7bc29b81389514d2aeac68a28c45424afd23808380f948662cd541d6","request_sha256":"3de5ebaed1c440bc0cd907bb82eb6f648897e92bcfaa3f00264f9be3aed1e9d1","tree_calls":1,"verdict":"Deny"}
test owner_worker ... ok

test result: ok. 1 passed; 0 failed; 0 ignored; 0 measured; 3 filtered out; finished in 0.91s

{"cut":"before_send","effects":[{"arguments":{"recipient":"public-issue","source":"prepared-artifact","version":1},"owner":2},{"arguments":{"recipient":"public-issue","source":"prepared-artifact","version":1},"owner":3}],"first_owner_effects":0,"first_owner_unknown":true,"other_owners_completed":2,"owners":3,"scenario":"separate_owners"}

running 1 test

running 1 test
{"cut":"complete","metadata":{"admission_operation":{"compensation_status":"not_compensated","coordinator_lease_epoch":1,"coordinator_lease_id":"01a0fe2f-1249-7390-b99e-f001c48454bc","operation_id":"c9d248811cc0841161d81f8242713ff705d5b98435d8d777d13cbf776cd57bf2","projected_dispatch_state":"terminal","projected_operation_version":10,"projected_state":"completed","request_binding_hash":"b8394b7f124bc94ef0bd0933f67df1290ab3354b5ee8742c68300b890057f5d2","request_id":"process:29b78caf5cb07efbf00400aff56b78e6b0dd12ef54f034f1f684f0770455cf76","request_namespace_digest":"ecdc0b1ab1bf27f5db8a5e46740a33c1ccb13346ea2d3be23b533ae8487738bd","retained_dispatch_commit":{"committed_version":8,"coordinator_lease_epoch":1,"coordinator_lease_id":"01a0fe2f-1249-7390-b99e-f001c48454bc","provider_attempt":{"attempt_id":"attempt:c9d248811cc0841161d81f8242713ff705d5b98435d8d777d13cbf776cd57bf2","operation_id":"c9d248811cc0841161d81f8242713ff705d5b98435d8d777d13cbf776cd57bf2","transport_id":"kernel-tool-server:tools","transport_key_epoch":1},"store_fence":{"lease_id":"01a0fe2f-1249-7390-b99e-f001c48454bc","owner_epoch":1,"store_uuid":"01a0fe2f-0e1a-7363-9af9-e9aab476c2a2"}},"schema":"chio.admission-receipt.v1","store_fence":{"lease_id":"01a0fe2f-1249-7390-b99e-f001c48454bc","owner_epoch":1,"store_uuid":"01a0fe2f-0e1a-7363-9af9-e9aab476c2a2"},"tool_outcome_id":"7668ae4faab31202e74def81590c902c744b70b2a6b032b97f7e6d8a7ab3c6b5","tool_outcome_version":2,"trusted_time_unix_ms":1790970894060},"attribution":{"delegation_depth":0,"grant_index":0,"issuer_key":"8139770ea87d175f56a35466c34c7ecccb8d8a91b4ee37a25df60f5b8fc9b394","subject_key":"0b513ad9b4924015ca0902ed079044d3ac5dbec2306f06948c10da8eb6e39f2d"},"chio_process":{"attempt":1,"operation_key":"work","process_id":"root","request_sha256":"5f05b280ba715520a11bbc9666ca52af1f71ceb355dce8fbefb23a16e2694209","runtime_id":"ab1331d7-f154-4e76-8dad-f36cea47afe7"},"chio_receipt_signing_nonce":"rcpt-01a0fe2f-16f1-7431-8375-05ea6b027168","receipt_context":{"request_id":"process:29b78caf5cb07efbf00400aff56b78e6b0dd12ef54f034f1f684f0770455cf76"}},"owner":2,"receipt_id":"f20c044086decaba7fd7e2b6e223d403e126dcaedc23661beccb16c11708c1eb","request_sha256":"5f05b280ba715520a11bbc9666ca52af1f71ceb355dce8fbefb23a16e2694209","tree_calls":1,"verdict":"Allow"}
test owner_worker ... ok

test result: ok. 1 passed; 0 failed; 0 ignored; 0 measured; 3 filtered out; finished in 2.68s


running 1 test
{"cut":"complete","metadata":{"admission_operation":{"compensation_status":"not_compensated","coordinator_lease_epoch":1,"coordinator_lease_id":"01a0fe2f-1249-7390-b99e-f001c48454bc","operation_id":"c9d248811cc0841161d81f8242713ff705d5b98435d8d777d13cbf776cd57bf2","projected_dispatch_state":"terminal","projected_operation_version":10,"projected_state":"completed","request_binding_hash":"b8394b7f124bc94ef0bd0933f67df1290ab3354b5ee8742c68300b890057f5d2","request_id":"process:29b78caf5cb07efbf00400aff56b78e6b0dd12ef54f034f1f684f0770455cf76","request_namespace_digest":"ecdc0b1ab1bf27f5db8a5e46740a33c1ccb13346ea2d3be23b533ae8487738bd","retained_dispatch_commit":{"committed_version":8,"coordinator_lease_epoch":1,"coordinator_lease_id":"01a0fe2f-1249-7390-b99e-f001c48454bc","provider_attempt":{"attempt_id":"attempt:c9d248811cc0841161d81f8242713ff705d5b98435d8d777d13cbf776cd57bf2","operation_id":"c9d248811cc0841161d81f8242713ff705d5b98435d8d777d13cbf776cd57bf2","transport_id":"kernel-tool-server:tools","transport_key_epoch":1},"store_fence":{"lease_id":"01a0fe2f-1249-7390-b99e-f001c48454bc","owner_epoch":1,"store_uuid":"01a0fe2f-0e1a-7363-9af9-e9aab476c2a2"}},"schema":"chio.admission-receipt.v1","store_fence":{"lease_id":"01a0fe2f-1249-7390-b99e-f001c48454bc","owner_epoch":1,"store_uuid":"01a0fe2f-0e1a-7363-9af9-e9aab476c2a2"},"tool_outcome_id":"7668ae4faab31202e74def81590c902c744b70b2a6b032b97f7e6d8a7ab3c6b5","tool_outcome_version":2,"trusted_time_unix_ms":1790970894060},"attribution":{"delegation_depth":0,"grant_index":0,"issuer_key":"8139770ea87d175f56a35466c34c7ecccb8d8a91b4ee37a25df60f5b8fc9b394","subject_key":"0b513ad9b4924015ca0902ed079044d3ac5dbec2306f06948c10da8eb6e39f2d"},"chio_process":{"attempt":1,"operation_key":"work","process_id":"root","request_sha256":"5f05b280ba715520a11bbc9666ca52af1f71ceb355dce8fbefb23a16e2694209","runtime_id":"ab1331d7-f154-4e76-8dad-f36cea47afe7"},"chio_receipt_signing_nonce":"rcpt-01a0fe2f-16f1-7431-8375-05ea6b027168","receipt_context":{"request_id":"process:29b78caf5cb07efbf00400aff56b78e6b0dd12ef54f034f1f684f0770455cf76"}},"owner":2,"receipt_id":"f20c044086decaba7fd7e2b6e223d403e126dcaedc23661beccb16c11708c1eb","request_sha256":"5f05b280ba715520a11bbc9666ca52af1f71ceb355dce8fbefb23a16e2694209","tree_calls":1,"verdict":"Allow"}
test owner_worker ... ok

test result: ok. 1 passed; 0 failed; 0 ignored; 0 measured; 3 filtered out; finished in 1.04s


running 1 test
{"cut":"complete","metadata":{"admission_operation":{"compensation_status":"not_compensated","coordinator_lease_epoch":1,"coordinator_lease_id":"01a0fe2f-20d1-78c3-a9cf-3583cd1e521d","operation_id":"f3f91f7e228b7c5bf416851f9ea43684f175e224e9ee5a47eaed4b7d4ae418ad","projected_dispatch_state":"terminal","projected_operation_version":10,"projected_state":"completed","request_binding_hash":"8a55379bd6bee725669aa5890a896ab47c1e8538bfd74208e97f0b1408f16a7f","request_id":"process:c16c6fa6783bab7ed9a1b5392b029a2c91b60952a17f7e9790c7793da3f8e0fa","request_namespace_digest":"0a23fe081522f79657cbb0b82cb732df439f5b995b1aa5102a134c456563c240","retained_dispatch_commit":{"committed_version":8,"coordinator_lease_epoch":1,"coordinator_lease_id":"01a0fe2f-20d1-78c3-a9cf-3583cd1e521d","provider_attempt":{"attempt_id":"attempt:f3f91f7e228b7c5bf416851f9ea43684f175e224e9ee5a47eaed4b7d4ae418ad","operation_id":"f3f91f7e228b7c5bf416851f9ea43684f175e224e9ee5a47eaed4b7d4ae418ad","transport_id":"kernel-tool-server:tools","transport_key_epoch":1},"store_fence":{"lease_id":"01a0fe2f-20d1-78c3-a9cf-3583cd1e521d","owner_epoch":1,"store_uuid":"01a0fe2f-1c9b-70c3-9200-c84b51b602e6"}},"schema":"chio.admission-receipt.v1","store_fence":{"lease_id":"01a0fe2f-20d1-78c3-a9cf-3583cd1e521d","owner_epoch":1,"store_uuid":"01a0fe2f-1c9b-70c3-9200-c84b51b602e6"},"tool_outcome_id":"e922803547e1c310e1be60db91f5f2e6c579619cba1558f5258be59b998d4f12","tool_outcome_version":2,"trusted_time_unix_ms":1790970897817},"attribution":{"delegation_depth":0,"grant_index":0,"issuer_key":"ed4928c628d1c2c6eae90338905995612959273a5c63f93636c14614ac8737d1","subject_key":"91a28a0b74381593a4d9469579208926afc8ad82c8839b7644359b9eba9a4b3a"},"chio_process":{"attempt":1,"operation_key":"work","process_id":"root","request_sha256":"6000c6daf92737d2f8a819f93eef34259f1450bfd40d5f3fa7402542a7c9c92c","runtime_id":"1a9a1c5c-3c4b-4195-91e5-6ea41dbf622f"},"chio_receipt_signing_nonce":"rcpt-01a0fe2f-259f-7a13-af3f-955cc6799b62","receipt_context":{"request_id":"process:c16c6fa6783bab7ed9a1b5392b029a2c91b60952a17f7e9790c7793da3f8e0fa"}},"owner":3,"receipt_id":"1e55ba6988bfbd6701ba810ec3ecce12366070a28d6387f5ab5f12c70b9f2dae","request_sha256":"6000c6daf92737d2f8a819f93eef34259f1450bfd40d5f3fa7402542a7c9c92c","tree_calls":1,"verdict":"Allow"}
test owner_worker ... ok

test result: ok. 1 passed; 0 failed; 0 ignored; 0 measured; 3 filtered out; finished in 2.71s


running 1 test
{"cut":"complete","metadata":{"admission_operation":{"compensation_status":"not_compensated","coordinator_lease_epoch":1,"coordinator_lease_id":"01a0fe2f-20d1-78c3-a9cf-3583cd1e521d","operation_id":"f3f91f7e228b7c5bf416851f9ea43684f175e224e9ee5a47eaed4b7d4ae418ad","projected_dispatch_state":"terminal","projected_operation_version":10,"projected_state":"completed","request_binding_hash":"8a55379bd6bee725669aa5890a896ab47c1e8538bfd74208e97f0b1408f16a7f","request_id":"process:c16c6fa6783bab7ed9a1b5392b029a2c91b60952a17f7e9790c7793da3f8e0fa","request_namespace_digest":"0a23fe081522f79657cbb0b82cb732df439f5b995b1aa5102a134c456563c240","retained_dispatch_commit":{"committed_version":8,"coordinator_lease_epoch":1,"coordinator_lease_id":"01a0fe2f-20d1-78c3-a9cf-3583cd1e521d","provider_attempt":{"attempt_id":"attempt:f3f91f7e228b7c5bf416851f9ea43684f175e224e9ee5a47eaed4b7d4ae418ad","operation_id":"f3f91f7e228b7c5bf416851f9ea43684f175e224e9ee5a47eaed4b7d4ae418ad","transport_id":"kernel-tool-server:tools","transport_key_epoch":1},"store_fence":{"lease_id":"01a0fe2f-20d1-78c3-a9cf-3583cd1e521d","owner_epoch":1,"store_uuid":"01a0fe2f-1c9b-70c3-9200-c84b51b602e6"}},"schema":"chio.admission-receipt.v1","store_fence":{"lease_id":"01a0fe2f-20d1-78c3-a9cf-3583cd1e521d","owner_epoch":1,"store_uuid":"01a0fe2f-1c9b-70c3-9200-c84b51b602e6"},"tool_outcome_id":"e922803547e1c310e1be60db91f5f2e6c579619cba1558f5258be59b998d4f12","tool_outcome_version":2,"trusted_time_unix_ms":1790970897817},"attribution":{"delegation_depth":0,"grant_index":0,"issuer_key":"ed4928c628d1c2c6eae90338905995612959273a5c63f93636c14614ac8737d1","subject_key":"91a28a0b74381593a4d9469579208926afc8ad82c8839b7644359b9eba9a4b3a"},"chio_process":{"attempt":1,"operation_key":"work","process_id":"root","request_sha256":"6000c6daf92737d2f8a819f93eef34259f1450bfd40d5f3fa7402542a7c9c92c","runtime_id":"1a9a1c5c-3c4b-4195-91e5-6ea41dbf622f"},"chio_receipt_signing_nonce":"rcpt-01a0fe2f-259f-7a13-af3f-955cc6799b62","receipt_context":{"request_id":"process:c16c6fa6783bab7ed9a1b5392b029a2c91b60952a17f7e9790c7793da3f8e0fa"}},"owner":3,"receipt_id":"1e55ba6988bfbd6701ba810ec3ecce12366070a28d6387f5ab5f12c70b9f2dae","request_sha256":"6000c6daf92737d2f8a819f93eef34259f1450bfd40d5f3fa7402542a7c9c92c","tree_calls":1,"verdict":"Allow"}
test owner_worker ... ok

test result: ok. 1 passed; 0 failed; 0 ignored; 0 measured; 3 filtered out; finished in 1.04s


running 1 test
{"cut":"recover_unknown","metadata":{"admission_operation":{"compensation_status":"not_compensated","coordinator_lease_epoch":1,"coordinator_lease_id":"01a0fe2f-0948-7683-8c56-f643360f7d4e","operation_id":"17251effda6eb0a5b4e7e604af977b3f2cd472d7ef7ea0ff65419ff0f6db0252","projected_dispatch_state":"terminal","projected_operation_version":9,"projected_state":"outcome_unknown_after_dispatch","request_binding_hash":"640499d700cd5c7a83f7dc8218b183a92a29681c43d727ecf9eb83f6bcd4061d","request_id":"process:9b5d1d5f661a42ba7f4b39eda67ee4ae2c09eb9935e768690c6bf99db3d7490c","request_namespace_digest":"1c87685e728baa842a21f856c3624bc40b6c70013d4bb65cd992b3375b440933","retained_dispatch_commit":{"committed_version":8,"coordinator_lease_epoch":1,"coordinator_lease_id":"01a0fe2f-0948-7683-8c56-f643360f7d4e","provider_attempt":{"attempt_id":"attempt:17251effda6eb0a5b4e7e604af977b3f2cd472d7ef7ea0ff65419ff0f6db0252","operation_id":"17251effda6eb0a5b4e7e604af977b3f2cd472d7ef7ea0ff65419ff0f6db0252","transport_id":"kernel-tool-server:tools","transport_key_epoch":1},"store_fence":{"lease_id":"01a0fe2f-0948-7683-8c56-f643360f7d4e","owner_epoch":1,"store_uuid":"01a0fe2f-0512-7340-8d45-18a2f73d779d"}},"schema":"chio.admission-receipt.v1","store_fence":{"lease_id":"01a0fe2f-0948-7683-8c56-f643360f7d4e","owner_epoch":1,"store_uuid":"01a0fe2f-0512-7340-8d45-18a2f73d779d"},"tool_outcome_id":null,"tool_outcome_version":null,"trusted_time_unix_ms":1790970900006},"attribution":{"delegation_depth":0,"issuer_key":"8a88e3dd7409f195fd52db2d3cba5d72ca6709bf1d94121bf3748801b40f6f5c","subject_key":"66be7e332c7a453332bd9d0a7f7db055f5c5ef1a06ada66d98b39fb6810c473a"},"chio_process":{"attempt":1,"operation_key":"work","process_id":"root","request_sha256":"31287439d9ee5182cff130cb6b33ec43cc7d9d02be8ce03cf241c4ce6910edc9","runtime_id":"90437214-ea17-499f-b806-eb4012d0f251"},"chio_receipt_signing_nonce":"rcpt-01a0fe2f-2e38-7fe1-a038-55a6f8562b53","receipt_context":{"request_id":"process:9b5d1d5f661a42ba7f4b39eda67ee4ae2c09eb9935e768690c6bf99db3d7490c"}},"owner":1,"receipt_id":"58f9ecfc7fdb78998f36b1d54b85cd70649c79d45001a85c6d2382b3d18bb41e","request_sha256":"31287439d9ee5182cff130cb6b33ec43cc7d9d02be8ce03cf241c4ce6910edc9","tree_calls":1,"verdict":"Deny"}
test owner_worker ... ok

test result: ok. 1 passed; 0 failed; 0 ignored; 0 measured; 3 filtered out; finished in 1.05s


running 1 test
{"cut":"recover_unknown","metadata":{"admission_operation":{"compensation_status":"not_compensated","coordinator_lease_epoch":1,"coordinator_lease_id":"01a0fe2f-0948-7683-8c56-f643360f7d4e","operation_id":"17251effda6eb0a5b4e7e604af977b3f2cd472d7ef7ea0ff65419ff0f6db0252","projected_dispatch_state":"terminal","projected_operation_version":9,"projected_state":"outcome_unknown_after_dispatch","request_binding_hash":"640499d700cd5c7a83f7dc8218b183a92a29681c43d727ecf9eb83f6bcd4061d","request_id":"process:9b5d1d5f661a42ba7f4b39eda67ee4ae2c09eb9935e768690c6bf99db3d7490c","request_namespace_digest":"1c87685e728baa842a21f856c3624bc40b6c70013d4bb65cd992b3375b440933","retained_dispatch_commit":{"committed_version":8,"coordinator_lease_epoch":1,"coordinator_lease_id":"01a0fe2f-0948-7683-8c56-f643360f7d4e","provider_attempt":{"attempt_id":"attempt:17251effda6eb0a5b4e7e604af977b3f2cd472d7ef7ea0ff65419ff0f6db0252","operation_id":"17251effda6eb0a5b4e7e604af977b3f2cd472d7ef7ea0ff65419ff0f6db0252","transport_id":"kernel-tool-server:tools","transport_key_epoch":1},"store_fence":{"lease_id":"01a0fe2f-0948-7683-8c56-f643360f7d4e","owner_epoch":1,"store_uuid":"01a0fe2f-0512-7340-8d45-18a2f73d779d"}},"schema":"chio.admission-receipt.v1","store_fence":{"lease_id":"01a0fe2f-0948-7683-8c56-f643360f7d4e","owner_epoch":1,"store_uuid":"01a0fe2f-0512-7340-8d45-18a2f73d779d"},"tool_outcome_id":null,"tool_outcome_version":null,"trusted_time_unix_ms":1790970900931},"attribution":{"delegation_depth":0,"issuer_key":"8a88e3dd7409f195fd52db2d3cba5d72ca6709bf1d94121bf3748801b40f6f5c","subject_key":"66be7e332c7a453332bd9d0a7f7db055f5c5ef1a06ada66d98b39fb6810c473a"},"chio_process":{"attempt":1,"operation_key":"work","process_id":"root","request_sha256":"31287439d9ee5182cff130cb6b33ec43cc7d9d02be8ce03cf241c4ce6910edc9","runtime_id":"90437214-ea17-499f-b806-eb4012d0f251"},"chio_receipt_signing_nonce":"rcpt-01a0fe2f-31d5-7a02-ae51-ad03fa886a74","receipt_context":{"request_id":"process:9b5d1d5f661a42ba7f4b39eda67ee4ae2c09eb9935e768690c6bf99db3d7490c"}},"owner":1,"receipt_id":"98a66a20b396056f186acaab14e5bbfac57b8b9b08d0ce187670a9a3be3fcefa","request_sha256":"31287439d9ee5182cff130cb6b33ec43cc7d9d02be8ce03cf241c4ce6910edc9","tree_calls":1,"verdict":"Deny"}
test owner_worker ... ok

test result: ok. 1 passed; 0 failed; 0 ignored; 0 measured; 3 filtered out; finished in 0.91s

{"cut":"after_effect","effects":[{"arguments":{"recipient":"public-issue","source":"prepared-artifact","version":1},"owner":1},{"arguments":{"recipient":"public-issue","source":"prepared-artifact","version":1},"owner":2},{"arguments":{"recipient":"public-issue","source":"prepared-artifact","version":1},"owner":3}],"first_owner_effects":1,"first_owner_unknown":true,"other_owners_completed":2,"owners":3,"scenario":"separate_owners"}

running 1 test

running 1 test
{"cut":"complete","metadata":{"admission_operation":{"compensation_status":"not_compensated","coordinator_lease_epoch":1,"coordinator_lease_id":"01a0fe2f-41d4-7321-b9f8-1b0f82cfc00e","operation_id":"18ecb4784a136515423d9a31d5a5593d109b7eb043f4c2faf9432333bb5f7cdb","projected_dispatch_state":"terminal","projected_operation_version":10,"projected_state":"completed","request_binding_hash":"b8394b7f124bc94ef0bd0933f67df1290ab3354b5ee8742c68300b890057f5d2","request_id":"process:f0d25ccd91049e3b50051a362c1b5e35fb33fe2e8b6b5138459eb3e505653e24","request_namespace_digest":"f6f2a29ba3e1988218fa4b20275e8743447b8b25c9a9e5064ad6d323dd9164d0","retained_dispatch_commit":{"committed_version":8,"coordinator_lease_epoch":1,"coordinator_lease_id":"01a0fe2f-41d4-7321-b9f8-1b0f82cfc00e","provider_attempt":{"attempt_id":"attempt:18ecb4784a136515423d9a31d5a5593d109b7eb043f4c2faf9432333bb5f7cdb","operation_id":"18ecb4784a136515423d9a31d5a5593d109b7eb043f4c2faf9432333bb5f7cdb","transport_id":"kernel-tool-server:tools","transport_key_epoch":1},"store_fence":{"lease_id":"01a0fe2f-41d4-7321-b9f8-1b0f82cfc00e","owner_epoch":1,"store_uuid":"01a0fe2f-3d94-75f0-82a6-0143e3815502"}},"schema":"chio.admission-receipt.v1","store_fence":{"lease_id":"01a0fe2f-41d4-7321-b9f8-1b0f82cfc00e","owner_epoch":1,"store_uuid":"01a0fe2f-3d94-75f0-82a6-0143e3815502"},"tool_outcome_id":"4e43df4129918dae9db3fec2f4d0dfb040161989813cac7d0403ea3fd743b089","tool_outcome_version":2,"trusted_time_unix_ms":1790970906259},"attribution":{"delegation_depth":0,"grant_index":0,"issuer_key":"8139770ea87d175f56a35466c34c7ecccb8d8a91b4ee37a25df60f5b8fc9b394","subject_key":"0b513ad9b4924015ca0902ed079044d3ac5dbec2306f06948c10da8eb6e39f2d"},"chio_process":{"attempt":1,"operation_key":"work","process_id":"root","request_sha256":"8cbbb33606fd020ac70f3823156728bfd1e5efc860833d2e967e643f23d0a7a1","runtime_id":"ac32cb41-f614-46a3-b8c2-d7a951b7ab5d"},"chio_receipt_signing_nonce":"rcpt-01a0fe2f-4698-7893-8f86-10b1d76f02b3","receipt_context":{"request_id":"process:f0d25ccd91049e3b50051a362c1b5e35fb33fe2e8b6b5138459eb3e505653e24"}},"owner":2,"receipt_id":"53a1bf2f590451a50ff59a04372b1ca652418e84da3bcfc5be7c55253379c6da","request_sha256":"8cbbb33606fd020ac70f3823156728bfd1e5efc860833d2e967e643f23d0a7a1","tree_calls":1,"verdict":"Allow"}
test owner_worker ... ok

test result: ok. 1 passed; 0 failed; 0 ignored; 0 measured; 3 filtered out; finished in 2.72s


running 1 test
{"cut":"complete","metadata":{"admission_operation":{"compensation_status":"not_compensated","coordinator_lease_epoch":1,"coordinator_lease_id":"01a0fe2f-41d4-7321-b9f8-1b0f82cfc00e","operation_id":"18ecb4784a136515423d9a31d5a5593d109b7eb043f4c2faf9432333bb5f7cdb","projected_dispatch_state":"terminal","projected_operation_version":10,"projected_state":"completed","request_binding_hash":"b8394b7f124bc94ef0bd0933f67df1290ab3354b5ee8742c68300b890057f5d2","request_id":"process:f0d25ccd91049e3b50051a362c1b5e35fb33fe2e8b6b5138459eb3e505653e24","request_namespace_digest":"f6f2a29ba3e1988218fa4b20275e8743447b8b25c9a9e5064ad6d323dd9164d0","retained_dispatch_commit":{"committed_version":8,"coordinator_lease_epoch":1,"coordinator_lease_id":"01a0fe2f-41d4-7321-b9f8-1b0f82cfc00e","provider_attempt":{"attempt_id":"attempt:18ecb4784a136515423d9a31d5a5593d109b7eb043f4c2faf9432333bb5f7cdb","operation_id":"18ecb4784a136515423d9a31d5a5593d109b7eb043f4c2faf9432333bb5f7cdb","transport_id":"kernel-tool-server:tools","transport_key_epoch":1},"store_fence":{"lease_id":"01a0fe2f-41d4-7321-b9f8-1b0f82cfc00e","owner_epoch":1,"store_uuid":"01a0fe2f-3d94-75f0-82a6-0143e3815502"}},"schema":"chio.admission-receipt.v1","store_fence":{"lease_id":"01a0fe2f-41d4-7321-b9f8-1b0f82cfc00e","owner_epoch":1,"store_uuid":"01a0fe2f-3d94-75f0-82a6-0143e3815502"},"tool_outcome_id":"4e43df4129918dae9db3fec2f4d0dfb040161989813cac7d0403ea3fd743b089","tool_outcome_version":2,"trusted_time_unix_ms":1790970906259},"attribution":{"delegation_depth":0,"grant_index":0,"issuer_key":"8139770ea87d175f56a35466c34c7ecccb8d8a91b4ee37a25df60f5b8fc9b394","subject_key":"0b513ad9b4924015ca0902ed079044d3ac5dbec2306f06948c10da8eb6e39f2d"},"chio_process":{"attempt":1,"operation_key":"work","process_id":"root","request_sha256":"8cbbb33606fd020ac70f3823156728bfd1e5efc860833d2e967e643f23d0a7a1","runtime_id":"ac32cb41-f614-46a3-b8c2-d7a951b7ab5d"},"chio_receipt_signing_nonce":"rcpt-01a0fe2f-4698-7893-8f86-10b1d76f02b3","receipt_context":{"request_id":"process:f0d25ccd91049e3b50051a362c1b5e35fb33fe2e8b6b5138459eb3e505653e24"}},"owner":2,"receipt_id":"53a1bf2f590451a50ff59a04372b1ca652418e84da3bcfc5be7c55253379c6da","request_sha256":"8cbbb33606fd020ac70f3823156728bfd1e5efc860833d2e967e643f23d0a7a1","tree_calls":1,"verdict":"Allow"}
test owner_worker ... ok

test result: ok. 1 passed; 0 failed; 0 ignored; 0 measured; 3 filtered out; finished in 1.04s


running 1 test
{"cut":"complete","metadata":{"admission_operation":{"compensation_status":"not_compensated","coordinator_lease_epoch":1,"coordinator_lease_id":"01a0fe2f-508e-7b51-80ea-9600c2ca9466","operation_id":"21c34524dc1f17eeaa47a111368dd0b6071a2e30ca177a706758e65c59f98d71","projected_dispatch_state":"terminal","projected_operation_version":10,"projected_state":"completed","request_binding_hash":"8a55379bd6bee725669aa5890a896ab47c1e8538bfd74208e97f0b1408f16a7f","request_id":"process:669f352858396cad67f98678ca060d476c840678030ebcc07203f45ecb740a38","request_namespace_digest":"423da1584cda825cba5adbb2494e08fd42d2598028db90d5b376782dca86704b","retained_dispatch_commit":{"committed_version":8,"coordinator_lease_epoch":1,"coordinator_lease_id":"01a0fe2f-508e-7b51-80ea-9600c2ca9466","provider_attempt":{"attempt_id":"attempt:21c34524dc1f17eeaa47a111368dd0b6071a2e30ca177a706758e65c59f98d71","operation_id":"21c34524dc1f17eeaa47a111368dd0b6071a2e30ca177a706758e65c59f98d71","transport_id":"kernel-tool-server:tools","transport_key_epoch":1},"store_fence":{"lease_id":"01a0fe2f-508e-7b51-80ea-9600c2ca9466","owner_epoch":1,"store_uuid":"01a0fe2f-4c50-7f20-9234-dd8fc341a32e"}},"schema":"chio.admission-receipt.v1","store_fence":{"lease_id":"01a0fe2f-508e-7b51-80ea-9600c2ca9466","owner_epoch":1,"store_uuid":"01a0fe2f-4c50-7f20-9234-dd8fc341a32e"},"tool_outcome_id":"7b77c9979c40ac6530049e7a40c35ec2e6b6fc7e96a65e74ef20c3fd1851d646","tool_outcome_version":2,"trusted_time_unix_ms":1790970909996},"attribution":{"delegation_depth":0,"grant_index":0,"issuer_key":"ed4928c628d1c2c6eae90338905995612959273a5c63f93636c14614ac8737d1","subject_key":"91a28a0b74381593a4d9469579208926afc8ad82c8839b7644359b9eba9a4b3a"},"chio_process":{"attempt":1,"operation_key":"work","process_id":"root","request_sha256":"b150bc4c6ccae9887219449274ce23cc0beed5658364997224ddd9d7bfe6751b","runtime_id":"6475a2da-0bc7-423b-a331-9e09c3112cf3"},"chio_receipt_signing_nonce":"rcpt-01a0fe2f-5531-7f10-86aa-5da3e9beb40d","receipt_context":{"request_id":"process:669f352858396cad67f98678ca060d476c840678030ebcc07203f45ecb740a38"}},"owner":3,"receipt_id":"69c942212b772236ac6484db700bb24409759f4f2806929b5b85d6324df9c203","request_sha256":"b150bc4c6ccae9887219449274ce23cc0beed5658364997224ddd9d7bfe6751b","tree_calls":1,"verdict":"Allow"}
test owner_worker ... ok

test result: ok. 1 passed; 0 failed; 0 ignored; 0 measured; 3 filtered out; finished in 2.68s


running 1 test
{"cut":"complete","metadata":{"admission_operation":{"compensation_status":"not_compensated","coordinator_lease_epoch":1,"coordinator_lease_id":"01a0fe2f-508e-7b51-80ea-9600c2ca9466","operation_id":"21c34524dc1f17eeaa47a111368dd0b6071a2e30ca177a706758e65c59f98d71","projected_dispatch_state":"terminal","projected_operation_version":10,"projected_state":"completed","request_binding_hash":"8a55379bd6bee725669aa5890a896ab47c1e8538bfd74208e97f0b1408f16a7f","request_id":"process:669f352858396cad67f98678ca060d476c840678030ebcc07203f45ecb740a38","request_namespace_digest":"423da1584cda825cba5adbb2494e08fd42d2598028db90d5b376782dca86704b","retained_dispatch_commit":{"committed_version":8,"coordinator_lease_epoch":1,"coordinator_lease_id":"01a0fe2f-508e-7b51-80ea-9600c2ca9466","provider_attempt":{"attempt_id":"attempt:21c34524dc1f17eeaa47a111368dd0b6071a2e30ca177a706758e65c59f98d71","operation_id":"21c34524dc1f17eeaa47a111368dd0b6071a2e30ca177a706758e65c59f98d71","transport_id":"kernel-tool-server:tools","transport_key_epoch":1},"store_fence":{"lease_id":"01a0fe2f-508e-7b51-80ea-9600c2ca9466","owner_epoch":1,"store_uuid":"01a0fe2f-4c50-7f20-9234-dd8fc341a32e"}},"schema":"chio.admission-receipt.v1","store_fence":{"lease_id":"01a0fe2f-508e-7b51-80ea-9600c2ca9466","owner_epoch":1,"store_uuid":"01a0fe2f-4c50-7f20-9234-dd8fc341a32e"},"tool_outcome_id":"7b77c9979c40ac6530049e7a40c35ec2e6b6fc7e96a65e74ef20c3fd1851d646","tool_outcome_version":2,"trusted_time_unix_ms":1790970909996},"attribution":{"delegation_depth":0,"grant_index":0,"issuer_key":"ed4928c628d1c2c6eae90338905995612959273a5c63f93636c14614ac8737d1","subject_key":"91a28a0b74381593a4d9469579208926afc8ad82c8839b7644359b9eba9a4b3a"},"chio_process":{"attempt":1,"operation_key":"work","process_id":"root","request_sha256":"b150bc4c6ccae9887219449274ce23cc0beed5658364997224ddd9d7bfe6751b","runtime_id":"6475a2da-0bc7-423b-a331-9e09c3112cf3"},"chio_receipt_signing_nonce":"rcpt-01a0fe2f-5531-7f10-86aa-5da3e9beb40d","receipt_context":{"request_id":"process:669f352858396cad67f98678ca060d476c840678030ebcc07203f45ecb740a38"}},"owner":3,"receipt_id":"69c942212b772236ac6484db700bb24409759f4f2806929b5b85d6324df9c203","request_sha256":"b150bc4c6ccae9887219449274ce23cc0beed5658364997224ddd9d7bfe6751b","tree_calls":1,"verdict":"Allow"}
test owner_worker ... ok

test result: ok. 1 passed; 0 failed; 0 ignored; 0 measured; 3 filtered out; finished in 1.05s


running 1 test
{"cut":"complete","metadata":{"admission_operation":{"compensation_status":"not_compensated","coordinator_lease_epoch":1,"coordinator_lease_id":"01a0fe2f-376d-7332-9b99-9a40fcccd2f1","operation_id":"94bb3917c3e0548b1fefb177caacfb283723444793a559409ee488ce5d1696d1","projected_dispatch_state":"terminal","projected_operation_version":10,"projected_state":"completed","request_binding_hash":"640499d700cd5c7a83f7dc8218b183a92a29681c43d727ecf9eb83f6bcd4061d","request_id":"process:7eca8901b22dad27c159d4bef38cd058e65251454d10dc0cad9343298ae070bf","request_namespace_digest":"b707bd560ccd81e199d0c12e7cb6f8cfadaaa0a76f1e041b63f4611c7ece9e27","retained_dispatch_commit":{"committed_version":8,"coordinator_lease_epoch":1,"coordinator_lease_id":"01a0fe2f-376d-7332-9b99-9a40fcccd2f1","provider_attempt":{"attempt_id":"attempt:94bb3917c3e0548b1fefb177caacfb283723444793a559409ee488ce5d1696d1","operation_id":"94bb3917c3e0548b1fefb177caacfb283723444793a559409ee488ce5d1696d1","transport_id":"kernel-tool-server:tools","transport_key_epoch":1},"store_fence":{"lease_id":"01a0fe2f-376d-7332-9b99-9a40fcccd2f1","owner_epoch":1,"store_uuid":"01a0fe2f-3310-7b03-a8e2-1fdefe1ab98d"}},"schema":"chio.admission-receipt.v1","store_fence":{"lease_id":"01a0fe2f-376d-7332-9b99-9a40fcccd2f1","owner_epoch":1,"store_uuid":"01a0fe2f-3310-7b03-a8e2-1fdefe1ab98d"},"tool_outcome_id":"c1064a2114f29a0df7afb59a4d4dbd1ffc41a51727fd4a612bfdaf577e1ee977","tool_outcome_version":2,"trusted_time_unix_ms":1790970903557},"attribution":{"delegation_depth":0,"grant_index":0,"issuer_key":"8a88e3dd7409f195fd52db2d3cba5d72ca6709bf1d94121bf3748801b40f6f5c","subject_key":"66be7e332c7a453332bd9d0a7f7db055f5c5ef1a06ada66d98b39fb6810c473a"},"chio_process":{"attempt":1,"operation_key":"work","process_id":"root","request_sha256":"d3d7956220074e2cf57e8ddde12555f8f7fbd2a1bdca58a08b201608dcf0c985","runtime_id":"31eec033-236c-4d72-b68c-4e2748ea2130"},"chio_receipt_signing_nonce":"rcpt-01a0fe2f-3c0a-7180-9974-42730debe9a9","receipt_context":{"request_id":"process:7eca8901b22dad27c159d4bef38cd058e65251454d10dc0cad9343298ae070bf"}},"owner":1,"receipt_id":"6b536d3fd71d9e0ad22f92672bf8eb3b65c98c40320dc3fefc6edf52085ecf53","request_sha256":"d3d7956220074e2cf57e8ddde12555f8f7fbd2a1bdca58a08b201608dcf0c985","tree_calls":1,"verdict":"Allow"}
test owner_worker ... ok

test result: ok. 1 passed; 0 failed; 0 ignored; 0 measured; 3 filtered out; finished in 1.04s


running 1 test
{"cut":"complete","metadata":{"admission_operation":{"compensation_status":"not_compensated","coordinator_lease_epoch":1,"coordinator_lease_id":"01a0fe2f-376d-7332-9b99-9a40fcccd2f1","operation_id":"94bb3917c3e0548b1fefb177caacfb283723444793a559409ee488ce5d1696d1","projected_dispatch_state":"terminal","projected_operation_version":10,"projected_state":"completed","request_binding_hash":"640499d700cd5c7a83f7dc8218b183a92a29681c43d727ecf9eb83f6bcd4061d","request_id":"process:7eca8901b22dad27c159d4bef38cd058e65251454d10dc0cad9343298ae070bf","request_namespace_digest":"b707bd560ccd81e199d0c12e7cb6f8cfadaaa0a76f1e041b63f4611c7ece9e27","retained_dispatch_commit":{"committed_version":8,"coordinator_lease_epoch":1,"coordinator_lease_id":"01a0fe2f-376d-7332-9b99-9a40fcccd2f1","provider_attempt":{"attempt_id":"attempt:94bb3917c3e0548b1fefb177caacfb283723444793a559409ee488ce5d1696d1","operation_id":"94bb3917c3e0548b1fefb177caacfb283723444793a559409ee488ce5d1696d1","transport_id":"kernel-tool-server:tools","transport_key_epoch":1},"store_fence":{"lease_id":"01a0fe2f-376d-7332-9b99-9a40fcccd2f1","owner_epoch":1,"store_uuid":"01a0fe2f-3310-7b03-a8e2-1fdefe1ab98d"}},"schema":"chio.admission-receipt.v1","store_fence":{"lease_id":"01a0fe2f-376d-7332-9b99-9a40fcccd2f1","owner_epoch":1,"store_uuid":"01a0fe2f-3310-7b03-a8e2-1fdefe1ab98d"},"tool_outcome_id":"c1064a2114f29a0df7afb59a4d4dbd1ffc41a51727fd4a612bfdaf577e1ee977","tool_outcome_version":2,"trusted_time_unix_ms":1790970903557},"attribution":{"delegation_depth":0,"grant_index":0,"issuer_key":"8a88e3dd7409f195fd52db2d3cba5d72ca6709bf1d94121bf3748801b40f6f5c","subject_key":"66be7e332c7a453332bd9d0a7f7db055f5c5ef1a06ada66d98b39fb6810c473a"},"chio_process":{"attempt":1,"operation_key":"work","process_id":"root","request_sha256":"d3d7956220074e2cf57e8ddde12555f8f7fbd2a1bdca58a08b201608dcf0c985","runtime_id":"31eec033-236c-4d72-b68c-4e2748ea2130"},"chio_receipt_signing_nonce":"rcpt-01a0fe2f-3c0a-7180-9974-42730debe9a9","receipt_context":{"request_id":"process:7eca8901b22dad27c159d4bef38cd058e65251454d10dc0cad9343298ae070bf"}},"owner":1,"receipt_id":"6b536d3fd71d9e0ad22f92672bf8eb3b65c98c40320dc3fefc6edf52085ecf53","request_sha256":"d3d7956220074e2cf57e8ddde12555f8f7fbd2a1bdca58a08b201608dcf0c985","tree_calls":1,"verdict":"Allow"}
test owner_worker ... ok

test result: ok. 1 passed; 0 failed; 0 ignored; 0 measured; 3 filtered out; finished in 1.05s

{"cut":"after_outcome","effects":[{"arguments":{"recipient":"public-issue","source":"prepared-artifact","version":1},"owner":1},{"arguments":{"recipient":"public-issue","source":"prepared-artifact","version":1},"owner":2},{"arguments":{"recipient":"public-issue","source":"prepared-artifact","version":1},"owner":3}],"first_owner_effects":1,"first_owner_unknown":false,"other_owners_completed":2,"owners":3,"scenario":"separate_owners"}

running 1 test

running 1 test
{"cut":"complete","metadata":{"admission_operation":{"compensation_status":"not_compensated","coordinator_lease_epoch":1,"coordinator_lease_id":"01a0fe2f-71d0-7e82-b49a-1e47cc9b5852","operation_id":"ab91427c2daf477c4f814cf6125b2044133cfd764d2328bdb3d29925eb3ef429","projected_dispatch_state":"terminal","projected_operation_version":10,"projected_state":"completed","request_binding_hash":"b8394b7f124bc94ef0bd0933f67df1290ab3354b5ee8742c68300b890057f5d2","request_id":"process:680ca2e6c18d2722c06afba95f5fa1ec710a9d4eda66ed3b3c75d8862dbf0d14","request_namespace_digest":"e634209f59456b92d95d4d6759c1a53abd94572968e2e4895689db36994a2ecf","retained_dispatch_commit":{"committed_version":8,"coordinator_lease_epoch":1,"coordinator_lease_id":"01a0fe2f-71d0-7e82-b49a-1e47cc9b5852","provider_attempt":{"attempt_id":"attempt:ab91427c2daf477c4f814cf6125b2044133cfd764d2328bdb3d29925eb3ef429","operation_id":"ab91427c2daf477c4f814cf6125b2044133cfd764d2328bdb3d29925eb3ef429","transport_id":"kernel-tool-server:tools","transport_key_epoch":1},"store_fence":{"lease_id":"01a0fe2f-71d0-7e82-b49a-1e47cc9b5852","owner_epoch":1,"store_uuid":"01a0fe2f-6d90-7762-bef8-f8ee7b09bf8f"}},"schema":"chio.admission-receipt.v1","store_fence":{"lease_id":"01a0fe2f-71d0-7e82-b49a-1e47cc9b5852","owner_epoch":1,"store_uuid":"01a0fe2f-6d90-7762-bef8-f8ee7b09bf8f"},"tool_outcome_id":"8017005dc0e2f20ec87889c54c84b03f8726de6137ba7274302a83b23fe302fc","tool_outcome_version":2,"trusted_time_unix_ms":1790970918507},"attribution":{"delegation_depth":0,"grant_index":0,"issuer_key":"8139770ea87d175f56a35466c34c7ecccb8d8a91b4ee37a25df60f5b8fc9b394","subject_key":"0b513ad9b4924015ca0902ed079044d3ac5dbec2306f06948c10da8eb6e39f2d"},"chio_process":{"attempt":1,"operation_key":"work","process_id":"root","request_sha256":"db70b039e75bc55f2701f4cc4889708943e0083b651bfcefa799e5ba4baff2e4","runtime_id":"9d1a0557-4450-491e-9be9-401d222de266"},"chio_receipt_signing_nonce":"rcpt-01a0fe2f-7670-7522-901f-d12fd3c5df14","receipt_context":{"request_id":"process:680ca2e6c18d2722c06afba95f5fa1ec710a9d4eda66ed3b3c75d8862dbf0d14"}},"owner":2,"receipt_id":"0c840165e5a2e5e0c5a1064ec99d5326d9acd60f86bf2efee28c1a1bf46566ce","request_sha256":"db70b039e75bc55f2701f4cc4889708943e0083b651bfcefa799e5ba4baff2e4","tree_calls":1,"verdict":"Allow"}
test owner_worker ... ok

test result: ok. 1 passed; 0 failed; 0 ignored; 0 measured; 3 filtered out; finished in 2.65s


running 1 test
{"cut":"complete","metadata":{"admission_operation":{"compensation_status":"not_compensated","coordinator_lease_epoch":1,"coordinator_lease_id":"01a0fe2f-71d0-7e82-b49a-1e47cc9b5852","operation_id":"ab91427c2daf477c4f814cf6125b2044133cfd764d2328bdb3d29925eb3ef429","projected_dispatch_state":"terminal","projected_operation_version":10,"projected_state":"completed","request_binding_hash":"b8394b7f124bc94ef0bd0933f67df1290ab3354b5ee8742c68300b890057f5d2","request_id":"process:680ca2e6c18d2722c06afba95f5fa1ec710a9d4eda66ed3b3c75d8862dbf0d14","request_namespace_digest":"e634209f59456b92d95d4d6759c1a53abd94572968e2e4895689db36994a2ecf","retained_dispatch_commit":{"committed_version":8,"coordinator_lease_epoch":1,"coordinator_lease_id":"01a0fe2f-71d0-7e82-b49a-1e47cc9b5852","provider_attempt":{"attempt_id":"attempt:ab91427c2daf477c4f814cf6125b2044133cfd764d2328bdb3d29925eb3ef429","operation_id":"ab91427c2daf477c4f814cf6125b2044133cfd764d2328bdb3d29925eb3ef429","transport_id":"kernel-tool-server:tools","transport_key_epoch":1},"store_fence":{"lease_id":"01a0fe2f-71d0-7e82-b49a-1e47cc9b5852","owner_epoch":1,"store_uuid":"01a0fe2f-6d90-7762-bef8-f8ee7b09bf8f"}},"schema":"chio.admission-receipt.v1","store_fence":{"lease_id":"01a0fe2f-71d0-7e82-b49a-1e47cc9b5852","owner_epoch":1,"store_uuid":"01a0fe2f-6d90-7762-bef8-f8ee7b09bf8f"},"tool_outcome_id":"8017005dc0e2f20ec87889c54c84b03f8726de6137ba7274302a83b23fe302fc","tool_outcome_version":2,"trusted_time_unix_ms":1790970918507},"attribution":{"delegation_depth":0,"grant_index":0,"issuer_key":"8139770ea87d175f56a35466c34c7ecccb8d8a91b4ee37a25df60f5b8fc9b394","subject_key":"0b513ad9b4924015ca0902ed079044d3ac5dbec2306f06948c10da8eb6e39f2d"},"chio_process":{"attempt":1,"operation_key":"work","process_id":"root","request_sha256":"db70b039e75bc55f2701f4cc4889708943e0083b651bfcefa799e5ba4baff2e4","runtime_id":"9d1a0557-4450-491e-9be9-401d222de266"},"chio_receipt_signing_nonce":"rcpt-01a0fe2f-7670-7522-901f-d12fd3c5df14","receipt_context":{"request_id":"process:680ca2e6c18d2722c06afba95f5fa1ec710a9d4eda66ed3b3c75d8862dbf0d14"}},"owner":2,"receipt_id":"0c840165e5a2e5e0c5a1064ec99d5326d9acd60f86bf2efee28c1a1bf46566ce","request_sha256":"db70b039e75bc55f2701f4cc4889708943e0083b651bfcefa799e5ba4baff2e4","tree_calls":1,"verdict":"Allow"}
test owner_worker ... ok

test result: ok. 1 passed; 0 failed; 0 ignored; 0 measured; 3 filtered out; finished in 1.03s


running 1 test
{"cut":"complete","metadata":{"admission_operation":{"compensation_status":"not_compensated","coordinator_lease_epoch":1,"coordinator_lease_id":"01a0fe2f-805a-7b13-8fb3-75dea42429d8","operation_id":"e8396251b368ec0309e8a0461dc72bc3d6470087125c5801f91c3b523619d7e7","projected_dispatch_state":"terminal","projected_operation_version":10,"projected_state":"completed","request_binding_hash":"8a55379bd6bee725669aa5890a896ab47c1e8538bfd74208e97f0b1408f16a7f","request_id":"process:b2954c6ab954ecfd2a7e3eb91e8d52805e85f9d1ca5403acfba47343f137d420","request_namespace_digest":"688f6118fe0b57f4eac3aabdafd51e7c4d10f358100e51f4ff185dc6e2fc4b7b","retained_dispatch_commit":{"committed_version":8,"coordinator_lease_epoch":1,"coordinator_lease_id":"01a0fe2f-805a-7b13-8fb3-75dea42429d8","provider_attempt":{"attempt_id":"attempt:e8396251b368ec0309e8a0461dc72bc3d6470087125c5801f91c3b523619d7e7","operation_id":"e8396251b368ec0309e8a0461dc72bc3d6470087125c5801f91c3b523619d7e7","transport_id":"kernel-tool-server:tools","transport_key_epoch":1},"store_fence":{"lease_id":"01a0fe2f-805a-7b13-8fb3-75dea42429d8","owner_epoch":1,"store_uuid":"01a0fe2f-7c1c-7bd0-a65e-ceda04758583"}},"schema":"chio.admission-receipt.v1","store_fence":{"lease_id":"01a0fe2f-805a-7b13-8fb3-75dea42429d8","owner_epoch":1,"store_uuid":"01a0fe2f-7c1c-7bd0-a65e-ceda04758583"},"tool_outcome_id":"0d6b69c31b14647bac35f8b8c31cae960e8bcfb453a48ea29aa5462d808ea6e1","tool_outcome_version":2,"trusted_time_unix_ms":1790970922255},"attribution":{"delegation_depth":0,"grant_index":0,"issuer_key":"ed4928c628d1c2c6eae90338905995612959273a5c63f93636c14614ac8737d1","subject_key":"91a28a0b74381593a4d9469579208926afc8ad82c8839b7644359b9eba9a4b3a"},"chio_process":{"attempt":1,"operation_key":"work","process_id":"root","request_sha256":"18664aa815a5e52eb308771a94fa651ad14a9a5ed1569f2a3972a7fac873cf82","runtime_id":"270c5c99-508b-480e-806a-feb96d0f0c58"},"chio_receipt_signing_nonce":"rcpt-01a0fe2f-8514-73c2-ba5f-b73ec2640a32","receipt_context":{"request_id":"process:b2954c6ab954ecfd2a7e3eb91e8d52805e85f9d1ca5403acfba47343f137d420"}},"owner":3,"receipt_id":"b6b50e504f7d163cdf51660491ba588adcc9b14f0813ab6c970dc3d059dce94b","request_sha256":"18664aa815a5e52eb308771a94fa651ad14a9a5ed1569f2a3972a7fac873cf82","tree_calls":1,"verdict":"Allow"}
test owner_worker ... ok

test result: ok. 1 passed; 0 failed; 0 ignored; 0 measured; 3 filtered out; finished in 2.70s


running 1 test
{"cut":"complete","metadata":{"admission_operation":{"compensation_status":"not_compensated","coordinator_lease_epoch":1,"coordinator_lease_id":"01a0fe2f-805a-7b13-8fb3-75dea42429d8","operation_id":"e8396251b368ec0309e8a0461dc72bc3d6470087125c5801f91c3b523619d7e7","projected_dispatch_state":"terminal","projected_operation_version":10,"projected_state":"completed","request_binding_hash":"8a55379bd6bee725669aa5890a896ab47c1e8538bfd74208e97f0b1408f16a7f","request_id":"process:b2954c6ab954ecfd2a7e3eb91e8d52805e85f9d1ca5403acfba47343f137d420","request_namespace_digest":"688f6118fe0b57f4eac3aabdafd51e7c4d10f358100e51f4ff185dc6e2fc4b7b","retained_dispatch_commit":{"committed_version":8,"coordinator_lease_epoch":1,"coordinator_lease_id":"01a0fe2f-805a-7b13-8fb3-75dea42429d8","provider_attempt":{"attempt_id":"attempt:e8396251b368ec0309e8a0461dc72bc3d6470087125c5801f91c3b523619d7e7","operation_id":"e8396251b368ec0309e8a0461dc72bc3d6470087125c5801f91c3b523619d7e7","transport_id":"kernel-tool-server:tools","transport_key_epoch":1},"store_fence":{"lease_id":"01a0fe2f-805a-7b13-8fb3-75dea42429d8","owner_epoch":1,"store_uuid":"01a0fe2f-7c1c-7bd0-a65e-ceda04758583"}},"schema":"chio.admission-receipt.v1","store_fence":{"lease_id":"01a0fe2f-805a-7b13-8fb3-75dea42429d8","owner_epoch":1,"store_uuid":"01a0fe2f-7c1c-7bd0-a65e-ceda04758583"},"tool_outcome_id":"0d6b69c31b14647bac35f8b8c31cae960e8bcfb453a48ea29aa5462d808ea6e1","tool_outcome_version":2,"trusted_time_unix_ms":1790970922255},"attribution":{"delegation_depth":0,"grant_index":0,"issuer_key":"ed4928c628d1c2c6eae90338905995612959273a5c63f93636c14614ac8737d1","subject_key":"91a28a0b74381593a4d9469579208926afc8ad82c8839b7644359b9eba9a4b3a"},"chio_process":{"attempt":1,"operation_key":"work","process_id":"root","request_sha256":"18664aa815a5e52eb308771a94fa651ad14a9a5ed1569f2a3972a7fac873cf82","runtime_id":"270c5c99-508b-480e-806a-feb96d0f0c58"},"chio_receipt_signing_nonce":"rcpt-01a0fe2f-8514-73c2-ba5f-b73ec2640a32","receipt_context":{"request_id":"process:b2954c6ab954ecfd2a7e3eb91e8d52805e85f9d1ca5403acfba47343f137d420"}},"owner":3,"receipt_id":"b6b50e504f7d163cdf51660491ba588adcc9b14f0813ab6c970dc3d059dce94b","request_sha256":"18664aa815a5e52eb308771a94fa651ad14a9a5ed1569f2a3972a7fac873cf82","tree_calls":1,"verdict":"Allow"}
test owner_worker ... ok

test result: ok. 1 passed; 0 failed; 0 ignored; 0 measured; 3 filtered out; finished in 1.04s


running 1 test
{"cut":"complete","metadata":{"admission_operation":{"compensation_status":"not_compensated","coordinator_lease_epoch":1,"coordinator_lease_id":"01a0fe2f-676e-7e70-acbf-7442c1ee2819","operation_id":"382c37cde78819912b523d85ab2a7e14361888bc17545e64cdc66cd006fb578f","projected_dispatch_state":"terminal","projected_operation_version":10,"projected_state":"completed","request_binding_hash":"640499d700cd5c7a83f7dc8218b183a92a29681c43d727ecf9eb83f6bcd4061d","request_id":"process:2d6e3b6ae9a0445b129fecd9a5da969f402eaede512d0e3ae59329d98422ecdd","request_namespace_digest":"411843bc1dcaf1f7bbc8094f589bac37d1b236a867e08db4eb573ac415151f6e","retained_dispatch_commit":{"committed_version":8,"coordinator_lease_epoch":1,"coordinator_lease_id":"01a0fe2f-676e-7e70-acbf-7442c1ee2819","provider_attempt":{"attempt_id":"attempt:382c37cde78819912b523d85ab2a7e14361888bc17545e64cdc66cd006fb578f","operation_id":"382c37cde78819912b523d85ab2a7e14361888bc17545e64cdc66cd006fb578f","transport_id":"kernel-tool-server:tools","transport_key_epoch":1},"store_fence":{"lease_id":"01a0fe2f-676e-7e70-acbf-7442c1ee2819","owner_epoch":1,"store_uuid":"01a0fe2f-633a-7123-9fd5-3a16597a05ba"}},"schema":"chio.admission-receipt.v1","store_fence":{"lease_id":"01a0fe2f-676e-7e70-acbf-7442c1ee2819","owner_epoch":1,"store_uuid":"01a0fe2f-633a-7123-9fd5-3a16597a05ba"},"tool_outcome_id":"4c7e40d2e992eb325eeb0fd856052e958e8d24f9f00ce1e433bdd7b4dcbe6769","tool_outcome_version":2,"trusted_time_unix_ms":1790970915871},"attribution":{"delegation_depth":0,"grant_index":0,"issuer_key":"8a88e3dd7409f195fd52db2d3cba5d72ca6709bf1d94121bf3748801b40f6f5c","subject_key":"66be7e332c7a453332bd9d0a7f7db055f5c5ef1a06ada66d98b39fb6810c473a"},"chio_process":{"attempt":1,"operation_key":"work","process_id":"root","request_sha256":"8eee2e8ca8823c2072643285c0a846feb7cd04b6e236efa974b7d8044b97976c","runtime_id":"e212284d-8f54-43b4-a075-93f59275ff7c"},"chio_receipt_signing_nonce":"rcpt-01a0fe2f-6c24-7091-9d5c-e296848a9c7a","receipt_context":{"request_id":"process:2d6e3b6ae9a0445b129fecd9a5da969f402eaede512d0e3ae59329d98422ecdd"}},"owner":1,"receipt_id":"dfc158541ac8d31ba0b6187a61fdf07487c5d8b95e88886d3336f67ddc172a26","request_sha256":"8eee2e8ca8823c2072643285c0a846feb7cd04b6e236efa974b7d8044b97976c","tree_calls":1,"verdict":"Allow"}
test owner_worker ... ok

test result: ok. 1 passed; 0 failed; 0 ignored; 0 measured; 3 filtered out; finished in 1.07s


running 1 test
{"cut":"complete","metadata":{"admission_operation":{"compensation_status":"not_compensated","coordinator_lease_epoch":1,"coordinator_lease_id":"01a0fe2f-676e-7e70-acbf-7442c1ee2819","operation_id":"382c37cde78819912b523d85ab2a7e14361888bc17545e64cdc66cd006fb578f","projected_dispatch_state":"terminal","projected_operation_version":10,"projected_state":"completed","request_binding_hash":"640499d700cd5c7a83f7dc8218b183a92a29681c43d727ecf9eb83f6bcd4061d","request_id":"process:2d6e3b6ae9a0445b129fecd9a5da969f402eaede512d0e3ae59329d98422ecdd","request_namespace_digest":"411843bc1dcaf1f7bbc8094f589bac37d1b236a867e08db4eb573ac415151f6e","retained_dispatch_commit":{"committed_version":8,"coordinator_lease_epoch":1,"coordinator_lease_id":"01a0fe2f-676e-7e70-acbf-7442c1ee2819","provider_attempt":{"attempt_id":"attempt:382c37cde78819912b523d85ab2a7e14361888bc17545e64cdc66cd006fb578f","operation_id":"382c37cde78819912b523d85ab2a7e14361888bc17545e64cdc66cd006fb578f","transport_id":"kernel-tool-server:tools","transport_key_epoch":1},"store_fence":{"lease_id":"01a0fe2f-676e-7e70-acbf-7442c1ee2819","owner_epoch":1,"store_uuid":"01a0fe2f-633a-7123-9fd5-3a16597a05ba"}},"schema":"chio.admission-receipt.v1","store_fence":{"lease_id":"01a0fe2f-676e-7e70-acbf-7442c1ee2819","owner_epoch":1,"store_uuid":"01a0fe2f-633a-7123-9fd5-3a16597a05ba"},"tool_outcome_id":"4c7e40d2e992eb325eeb0fd856052e958e8d24f9f00ce1e433bdd7b4dcbe6769","tool_outcome_version":2,"trusted_time_unix_ms":1790970915871},"attribution":{"delegation_depth":0,"grant_index":0,"issuer_key":"8a88e3dd7409f195fd52db2d3cba5d72ca6709bf1d94121bf3748801b40f6f5c","subject_key":"66be7e332c7a453332bd9d0a7f7db055f5c5ef1a06ada66d98b39fb6810c473a"},"chio_process":{"attempt":1,"operation_key":"work","process_id":"root","request_sha256":"8eee2e8ca8823c2072643285c0a846feb7cd04b6e236efa974b7d8044b97976c","runtime_id":"e212284d-8f54-43b4-a075-93f59275ff7c"},"chio_receipt_signing_nonce":"rcpt-01a0fe2f-6c24-7091-9d5c-e296848a9c7a","receipt_context":{"request_id":"process:2d6e3b6ae9a0445b129fecd9a5da969f402eaede512d0e3ae59329d98422ecdd"}},"owner":1,"receipt_id":"dfc158541ac8d31ba0b6187a61fdf07487c5d8b95e88886d3336f67ddc172a26","request_sha256":"8eee2e8ca8823c2072643285c0a846feb7cd04b6e236efa974b7d8044b97976c","tree_calls":1,"verdict":"Allow"}
test owner_worker ... ok

test result: ok. 1 passed; 0 failed; 0 ignored; 0 measured; 3 filtered out; finished in 1.05s

{"cut":"after_release","effects":[{"arguments":{"recipient":"public-issue","source":"prepared-artifact","version":1},"owner":1},{"arguments":{"recipient":"public-issue","source":"prepared-artifact","version":1},"owner":2},{"arguments":{"recipient":"public-issue","source":"prepared-artifact","version":1},"owner":3}],"first_owner_effects":1,"first_owner_unknown":false,"other_owners_completed":2,"owners":3,"scenario":"separate_owners"}
test separate_owners_keep_exact_custody_across_real_process_death ... ok

test result: ok. 4 passed; 0 failed; 0 ignored; 0 measured; 0 filtered out; finished in 104.49s


running 3 tests
test strict_nonce_subprocess ... ok

running 1 test

running 1 test
test strict_nonce_call_completes_once_and_replays_after_reopening ... ok
test strict_nonce_subprocess ... ok

test result: ok. 1 passed; 0 failed; 0 ignored; 0 measured; 2 filtered out; finished in 1.91s


running 1 test
test strict_nonce_subprocess ... ok

test result: ok. 1 passed; 0 failed; 0 ignored; 0 measured; 2 filtered out; finished in 1.77s

test strict_nonce_unknown_effect_keeps_original_custody_after_process_death ... ok

test result: ok. 3 passed; 0 failed; 0 ignored; 0 measured; 0 filtered out; finished in 6.14s

